Brand_Product_Size,IGA Price,WOW Price,IGA Category,WOW Category,WOW Specials
Helga's Wraps Traditional White 560g 8 pack,5.55,5.0,Bakery,Bakery,
Helga's Wraps Mixed Grain 560g 8 pack,5.55,5.0,Bakery,Bakery,
Tip Top Raisin Toast 520g,4.0,3.2,Bakery,Bakery,Specials
Helga's Bread Traditional Wholemeal 750g,3.9,3.9,Bakery,Bakery,
Helga's Bread Light Rye 680g,3.9,3.9,Bakery,Bakery,
Helga's Bread Traditional White 750g,3.9,3.9,Bakery,Bakery,
Iceberg Lettuce each,2.5,4.0,Fruit & Veg,Fruit & Veg,
A2 Full Cream Milk 2L,5.0,5.3,Dairy Eggs & Fridge,Dairy Eggs & Fridge,
A2 Light Milk 2L,5.0,5.3,Dairy Eggs & Fridge,Dairy Eggs & Fridge,
Capsicum Green each,1.8,1.73,Fruit & Veg,Fruit & Veg,
Red Capsicum each,1.8,2.67,Fruit & Veg,Fruit & Veg,
Helga's Gluten Free Wholemeal Loaf 500g,7.8,7.0,Bakery,Bakery,
Sprite Lemonade Bottle 1.25L,2.6,1.95,Drinks,Drinks,Specials
Darrell Lea Traditional Liquorice Block 180g,5.55,5.0,Pantry,Pantry,
Tip Top English Muffins Wholemeal 6 pack,3.25,5.0,Bakery,Bakery,
Cadbury Crunchie Sharepack 12 pack 180g,5.0,5.0,Pantry,Pantry,
Fanta Orange Bottle 1.25L,2.6,1.95,Drinks,Drinks,Specials
Cadbury Twirl Sharepack 12 pack 168g,5.0,5.0,Pantry,Pantry,
Cadbury Cherry Ripe Sharepack 12 pack 180g,5.0,5.0,Pantry,Pantry,
Cadbury Dairy Milk Chocolate Hazelnut 55g bar,2.2,1.5,Pantry,Pantry,Specials
Cadbury Flake Sharepack 12 pack 168g,5.0,5.0,Pantry,Pantry,
Cadbury Dairy Milk Caramello Koala Sharepack 12 pack,5.0,5.0,Pantry,Pantry,
Maltesers Milk Chocolate Medium Bag 140g,4.5,2.25,Pantry,Pantry,Specials
Cadbury Dairy Milk Chocolate Caramello 55g bar,2.2,1.5,Pantry,Pantry,Specials
Cadbury Fry's Turkish Delight Sharepack 12 pack,5.0,5.0,Pantry,Pantry,
Arnott's Wagon Wheels Mini 190g,2.8,4.0,Pantry,Pantry,
Arnott's Scotch Finger Chocolate Coated Biscuits 250g,2.8,4.0,Pantry,Pantry,
Sara Lee Ice Cream Classic Ultra Chocolate 1L tub,10.0,6.5,Frozen,Frozen,Specials
Arnott's Shapes Savoury 185g,3.2,2.5,Pantry,Pantry,Specials
Arnott's Tee Vee Snacks Malt Sticks 175g,2.8,4.0,Pantry,Pantry,
Sara Lee Ice Cream French Vanilla 1L tub,10.0,6.5,Frozen,Frozen,Specials
Arnott's Royals Milk Chocolate 200g,2.8,4.0,Pantry,Pantry,
Peters Original Vanilla Ice Cream 2L,5.3,4.75,Frozen,Frozen,
Arnott's Tee Vee Snacks Original 175g,2.8,4.0,Pantry,Pantry,
Bega Tasty Cheese Slices 500g,10.0,9.0,Dairy Eggs & Fridge,Dairy Eggs & Fridge,
Nestle Crunch Milk Chocolate 200g bLock,5.0,3.0,Pantry,Pantry,Specials
Cadbury Picnic Sharepack 12 pack 180g,5.0,5.0,Pantry,Pantry,
Bega Tasty Cheese Block Tasty 750g,11.1,10.0,Dairy Eggs & Fridge,Dairy Eggs & Fridge,
Heinz Baked Beans Tomato Sauce 555g,2.5,2.0,Pantry,Pantry,Specials
Peters Original Neapolitan Ice Cream 2L,5.3,4.75,Frozen,Frozen,
Cadbury Baking Milk Chocolate Chips 200g,4.7,3.0,Pantry,Pantry,Specials
Nestle Milo Choc-malt 1kg,15.55,10.0,Drinks,Drinks,Specials
Heinz Baked Beans Bbq Sauce 555g,2.5,2.0,Pantry,Pantry,Specials
Campbell's Real Vegetable Liquid Stock 1L,4.0,3.0,Pantry,Pantry,Specials
Heinz Spaghetti Tomato Sauce 535g,2.5,2.0,Pantry,Pantry,Specials
Campbell's Real Chicken Liquid Stock Salt Reduced 1L,4.0,3.0,Pantry,Pantry,Specials
Campbell's Real Beef Liquid Stock Salt Reduced 1L,4.0,3.0,Pantry,Pantry,Specials
Don Salami Pepperoni 200g,9.2,7.5,Dairy Eggs & Fridge,Meat Seafood & Deli,
Kewpie Japanese Mayonnaise 300g,5.3,3.0,Pantry,Pantry,Specials
Golden Circle Apple Fruit Drink Multipack 6x250mL,4.5,4.5,Drinks,Drinks,
Windex Glass Cleaner Trigger 500mL,4.3,4.3,Household,Household,
Campbell's Real Chicken Liquid Stock 1L,4.0,3.0,Pantry,Pantry,Specials
Golden Circle Juice Golden Pash Drink Multipack 6x250mL,4.5,4.5,Drinks,Drinks,
Mccain Supreme Pizza 500g,7.0,7.0,Frozen,Frozen,
Swisspers Cotton Tips 240 pack,4.15,4.5,Health & Beauty,Health & Beauty,
Golden Circle Orange Drink Multipack 6x250mL,4.5,4.5,Drinks,Drinks,
Mccain Pizza Meatlovers Bbq 500g,7.0,7.0,Frozen,Frozen,
Cadbury Baking Milk Chocolate Melts 225g,4.7,3.0,Pantry,Pantry,Specials
U By Kotex Ultrathin Pads Regular With Wings 14 pack,4.0,3.2,Health & Beauty,Health & Beauty,Specials
U By Kotex Ultrathin Pads Super With Wings 12 pack,4.0,3.2,Health & Beauty,Health & Beauty,Specials
Colgate Advanced Whitening Fluoride Whiter Teeth Toothpaste 110g,4.8,4.8,Health & Beauty,Health & Beauty,
Heinz Baked Beans Salt Reduced 555g,2.5,2.0,Pantry,Pantry,Specials
Impulse Body Spray Aerosol Deodorant Illusions 75mL,4.45,4.0,Health & Beauty,Health & Beauty,
Heinz Baked Beans English Recipe 555g,2.5,2.0,Pantry,Pantry,Specials
Brut Deodorant Aerosol Anti Perspirant Ultra Dry 150g,7.0,6.3,Health & Beauty,Health & Beauty,
Brut Deodorant Aerosol Original 150g,7.0,6.3,Health & Beauty,Health & Beauty,
Heinz Canned Soup Big Red Tomato 420g,2.45,2.2,Pantry,Pantry,
Heinz Canned Soup Big Red Tomato Salt Reduced 420g,2.45,2.2,Pantry,Pantry,
Brut Deodorant Aerosol Anti Perspirant Endurance 150g,7.0,6.3,Health & Beauty,Health & Beauty,
Impulse Women Body Spray Aerosol Deodorant Merely Musk 75mL,4.45,4.0,Health & Beauty,Health & Beauty,
Lipton Ice Tea Lemon 1.5L,4.4,3.95,Drinks,Drinks,
Colgate Advanced Whitening Tartar Control Toothpaste 190g,4.8,3.5,Health & Beauty,Health & Beauty,Specials
Golden Circle Apple & Blackcurrant Fruit Drink Multipack 6x250mL,4.5,4.5,Drinks,Drinks,
Campbell's Real Beef Liquid Stock 1L,4.0,3.0,Pantry,Pantry,Specials
Schweppes Lemon Lime & Bitters 1.1L,2.15,1.25,Drinks,Drinks,Specials
Don Salami Hungarian Hot 200g,9.2,7.5,Dairy Eggs & Fridge,Meat Seafood & Deli,
Birds Eye Fish Fingers 375g,6.2,6.0,Frozen,Frozen,
U By Kotex Mini Tampons 16 pack,4.0,3.4,Health & Beauty,Health & Beauty,Specials
Arnott's Chocolate Monte 200g,2.8,4.0,Pantry,Pantry,
Harvest Beef Braised Steak & Onion 425g,4.45,4.0,Pantry,Pantry,
Arnott's Gaiety Chocolate 160g,2.8,4.0,Pantry,Pantry,
Mccain Pizza Ham & Pineapple 500g,7.0,7.0,Frozen,Frozen,
Cadbury Crunchie 50g bar,2.2,1.5,Pantry,Pantry,Specials
Schweppes Lemonade 1.1L,2.15,1.25,Drinks,Drinks,Specials
Cadbury Twirl 39g bar,2.2,1.5,Pantry,Pantry,Specials
Cadbury Picnic 46g bar,2.2,1.5,Pantry,Pantry,Specials
Lipton Ice Tea Peach 1.5L,4.4,3.95,Drinks,Drinks,
Cadbury Flake 30g bar,2.2,1.5,Pantry,Pantry,Specials
Schweppes Dry Ginger Ale 1.1L,2.15,1.25,Drinks,Drinks,Specials
Sara Lee Chocolate Swirl Bavarian 375g,6.95,6.25,Frozen,Frozen,
Arnott's Chocolate Caramel Crowns 200g,2.8,4.0,Pantry,Pantry,
Peters Maxibon Vanilla 4 pack,9.35,5.0,Frozen,Frozen,Specials
Cadbury Dairy Milk Chocolate 50g bar,2.2,1.5,Pantry,Pantry,Specials
Cadbury Cherry Ripe 52g bar,2.2,1.5,Pantry,Pantry,Specials
Schweppes Soda Water 1.1L,2.15,1.25,Drinks,Drinks,Specials
Cadbury Boost 60g bar,2.2,1.5,Pantry,Pantry,Specials
Europe Summer Roll 40g bar,2.2,1.5,Pantry,Pantry,Specials
Arnott's Mint Slice 200g,2.8,4.0,Pantry,Pantry,
Europe Nougat Honey Log 40g bar,2.2,1.5,Pantry,Pantry,Specials
Cadbury Dairy Milk Chocolate 55g roLL,2.2,1.5,Pantry,Pantry,Specials
Cadbury Fry's Turkish Delight 55g bar,2.2,1.5,Pantry,Pantry,Specials
Skittles Fruits Lollies Large Bag 200g,4.8,2.25,Pantry,Pantry,Specials
M&m's Crispy Chocolate Medium Bag 145g,4.5,2.25,Pantry,Pantry,Specials
Nestle Milkybar 180g bLock,5.0,3.0,Pantry,Pantry,Specials
Nestle Aero Peppermint 118g bLock,5.0,3.0,Pantry,Pantry,Specials
M&m's Milk Chocolate Medium Bag 180g,4.5,2.25,Pantry,Pantry,Specials
M&m's Peanut Chocolate Medium Bag 180g,4.5,2.25,Pantry,Pantry,Specials
Nestle Rolo 200g bLock,5.0,3.0,Pantry,Pantry,Specials
Nestle Milkybar Milk & Cookies 180g bLock,5.0,3.0,Pantry,Pantry,Specials
Birds Eye Oven Bake Crumbed Lemon Pepper 425g,11.1,10.0,Frozen,Frozen,
Schweppes Lemonade Bottle 2L,2.15,2.15,Drinks,Drinks,
Schweppes Solo Lemon Bottle 1.25L,2.55,2.35,Drinks,Drinks,
Schweppes Solo Lemon Bottle 2L,2.15,2.15,Drinks,Drinks,
Sprite Lemonade Bottle 2L,2.6,2.35,Drinks,Drinks,
Mountain Dew Soft Drink Energised Bottle 1.25L,2.55,2.35,Drinks,Drinks,
Pepsi Max Bottle 1.25L,2.55,2.35,Drinks,Drinks,
Pepsi Max Bottle 2L,2.15,2.15,Drinks,Drinks,
Kirks Creaming Soda Bottle 1.25L,2.05,1.85,Drinks,Drinks,
Pepsi Max Cans 24x375mL,26.9,18.55,Drinks,Drinks,Specials
Pepsi Cans 24x375mL,26.9,18.55,Drinks,Drinks,Specials
Kirks Lemonade Bottle 1.25L,2.05,1.85,Drinks,Drinks,
Cadbury Dairy Milk Peppermint 180g,5.0,3.5,Pantry,Pantry,Specials
Cadbury Dairy Milk Caramello 180g,5.0,3.5,Pantry,Pantry,Specials
Cadbury Old Gold Dark Chocolate Old Jamaica Rum 'n' Raisin 180g,5.0,4.5,Pantry,Pantry,Specials
Cadbury Dairy Milk Top Deck 180g,5.0,3.5,Pantry,Pantry,Specials
Cadbury Dairy Milk Crunchie 180g,5.0,3.5,Pantry,Pantry,Specials
Cadbury Dairy Milk With Oreo 162g,5.0,3.5,Pantry,Pantry,Specials
Cadbury Old Gold Dark Chocolate Peppermint 180g,5.0,4.5,Pantry,Pantry,Specials
Cadbury Dairy Milk Snack 180g,5.0,3.5,Pantry,Pantry,Specials
Cadbury Dairy Milk Turkish Delight 180g,5.0,3.5,Pantry,Pantry,Specials
Cadbury Dairy Milk Chocolate 180g,5.0,3.5,Pantry,Pantry,Specials
Cadbury Dream White Chocolate 180g,5.0,3.5,Pantry,Pantry,Specials
Snickers Chocolate Bar 50g,2.0,2.0,Pantry,Pantry,
Cadbury Dairy Milk Roast Almond 180g,5.0,3.5,Pantry,Pantry,Specials
Cadbury Old Gold Dark Chocolate Original 180g,5.0,4.5,Pantry,Pantry,Specials
Cadbury Dairy Milk Black Forest 180g,5.0,3.5,Pantry,Pantry,Specials
Cadbury Dairy Milk Hazelnut 180g,5.0,3.5,Pantry,Pantry,Specials
Mars Chocolate Bar 53g,2.0,2.0,Pantry,Pantry,
Pepsi Max Cans 10x375mL,13.85,12.4,Drinks,Drinks,
Cadbury Old Gold Dark Chocolate Roast Almond 180g,5.0,4.5,Pantry,Pantry,Specials
Nestle Smarties Sharepack 11 pack 140g,4.6,4.6,Pantry,Pantry,
Eclipse Peppermint Mints Sugar Free Large Tin 40g,3.35,3.0,Pantry,Pantry,
Maltesers Milk Chocolate Medium Party Share Bag 12 Piece 144g,5.0,3.0,Pantry,Pantry,Specials
Eclipse Spearmint Mints Sugar Free Large Tin 40g,3.35,3.0,Pantry,Pantry,
Eclipse Chewy Mints Spearmint Tin Spearmint 27g,1.65,1.2,Pantry,Pantry,Specials
Extra Spearmint Chewing Gum Sugar Free Bottle 64g,4.45,4.0,Pantry,Pantry,
Eclipse Chewy Mints Peppermint Tin Peppermint 27g,1.65,1.2,Pantry,Pantry,Specials
Mars Chocolate Medium Party Share Bag 12 Piece 216g,5.0,3.0,Pantry,Pantry,Specials
Twix Chocolate Medium Party Share Bag 12 Piece 174g,5.0,3.0,Pantry,Pantry,Specials
Wrigley's Extra White Peppermint Chewing Gum Sugar Free Bottle 64g,4.45,4.0,Pantry,Pantry,
Snickers Chocolate Medium Party Share Bag 12 Piece 216g,5.0,3.0,Pantry,Pantry,Specials
Mission Corn Chips Extreme Cheese 230g,3.45,3.1,Pantry,Pantry,
Pringles Original Salted Potato Chips 134g,4.45,3.0,Pantry,Pantry,Specials
Cc's Corn Chips Tasty Cheese 175g,3.9,3.5,Pantry,Pantry,
Cc's Corn Chips Nacho Cheese 175g,3.9,3.5,Pantry,Pantry,
Cc's Corn Chips Original 175g,3.9,3.5,Pantry,Pantry,
Mission Corn Chips Cheesy Nachos 230g,3.45,3.1,Pantry,Pantry,
Fantastic Rice Crackers Original 100g,2.0,1.5,Pantry,Pantry,Specials
Poppin Microwave Popcorn Butter Flavour 100g,1.95,1.75,Pantry,Pantry,
Wrigley's Extra Peppermint Chewing Gum Sugar Free 27g,2.2,1.8,Pantry,Pantry,Specials
Doritos Medium Salsa 300g,2.5,2.5,Pantry,Pantry,
Fantastic Rice Crackers Bbq 100g,2.0,1.5,Pantry,Pantry,Specials
Sakata Rice Crackers Seaweed 90g,2.0,2.0,Pantry,Pantry,
Allen's Anticol Throat Lozenge Vapour Action 10 pack,2.2,1.8,Pantry,Pantry,Specials
French Fries Original Chips 175g,3.9,3.5,Pantry,Pantry,
Arnott's Cruskits Original 125g,3.5,3.5,Pantry,Pantry,
Fisherman's Friend Mints Extra Strong 25g pack,2.55,1.8,Pantry,Pantry,Specials
Sakata Rice Crackers Plain 100g,2.0,2.0,Pantry,Pantry,
Arnott's Sesame Cracker Wheat 250g,4.45,3.0,Pantry,Pantry,Specials
Arnott's Sao Original 250g,3.2,3.2,Pantry,Pantry,
Nabisco Premium Crispbread Original 300g,3.35,3.0,Pantry,Pantry,
Real Foods Corn Thins Original 150g,2.2,1.0,Pantry,Pantry,Specials
Real Foods Corn Thins Multigrain 150g,2.2,1.0,Pantry,Pantry,Specials
Sunrice Rice Cakes Original Rice Cakes 150g,2.0,1.8,Pantry,Pantry,Specials
Fantastic Rice Crackers Seaweed 100g,2.0,1.5,Pantry,Pantry,Specials
Captain's Table Cracker Cracked Pepper 125g,1.8,1.8,Pantry,Pantry,
Fantastic Rice Crackers Cheese 100g,2.0,1.5,Pantry,Pantry,Specials
Arnott's Shapes Originals Barbecue 8 pack,4.45,3.0,Pantry,Pantry,Specials
Arnott's Biscuits Shortbread Cream 250g,3.0,2.0,Pantry,Pantry,Specials
Arnott's Tim Tam Chocolate Original 200g,3.65,4.0,Pantry,Pantry,
Arnott's Tiny Teddy Variety 15 pack,5.0,5.0,Pantry,Pantry,
Arnott's Venetians Fancy 200g,3.35,3.0,Pantry,Pantry,
Arnott's Salada Original 250g,3.2,3.2,Pantry,Pantry,
Arnott's Tim Tam Chewy Caramel 175g,3.65,4.0,Pantry,Pantry,
Streets Golden Gaytime Ice Cream Original 4 pack,9.45,8.5,Frozen,Frozen,
Peters Drumstick Ice Cream Boysenberry Swirl 4 pack,8.4,8.4,Frozen,Frozen,
Arnott's Vita-weat Cracker Regular 250g,3.3,3.3,Pantry,Pantry,
Paddle Pop Water Ice Cyclone 8 pack,7.8,7.0,Frozen,Frozen,
Arnott's Tim Tam Choc Double Coated 200g,3.65,4.0,Pantry,Pantry,
Connoisseur Ice Cream Caramel Honey Macadamia 1L tub,11.0,11.0,Frozen,Frozen,
Arnott's Tim Tam White 165g,3.65,4.0,Pantry,Pantry,
Arnott's Tim Tam Classic Dark 200g,3.65,4.0,Pantry,Pantry,
Arnott's Shapes Variety 15 pack,5.0,5.0,Pantry,Pantry,
Connoisseur Ice Cream Cafe Grande 1L tub,11.0,11.0,Frozen,Frozen,
Connoisseur Ice Cream Belgian Chocolate 1L tub,11.0,11.0,Frozen,Frozen,
Connoisseur Ice Cream Murray River Salted Caramel 1L tub,11.0,11.0,Frozen,Frozen,
Connoisseur Ice Cream Classic Vanilla 1L tub,11.0,11.0,Frozen,Frozen,
Peters Drumstick Ice Cream Vanilla 4 pack,8.4,8.4,Frozen,Frozen,
Peters Lifesavers Icy Poles Lifesavers 8 pack,7.8,7.0,Frozen,Frozen,
Magnum Ice Cream Honeycomb Crunch 4 pack,9.0,9.0,Frozen,Frozen,
Magnum Mini Ice Cream Classic 6 pack,9.0,9.0,Frozen,Frozen,
Peters Drumstick Minis Ice Cream Vanilla 6 pack,8.4,8.4,Frozen,Frozen,
Perfect Italiano Pizza Plus Cheese 450g,7.65,7.65,Dairy Eggs & Fridge,Dairy Eggs & Fridge,
Bega Tasty Grated Cheese 500g,8.65,8.0,Dairy Eggs & Fridge,Dairy Eggs & Fridge,
Perfect Italiano Grated Mozzarella Cheese 450g,8.5,7.65,Dairy Eggs & Fridge,Dairy Eggs & Fridge,
Bega Tasty Cheese 500g,8.0,8.0,Dairy Eggs & Fridge,Dairy Eggs & Fridge,
Peters Icy Pole Lemonade 8 pack,5.1,4.6,Frozen,Frozen,
Philadelphia Cream Cheese Original Block 250g,4.7,3.75,Dairy Eggs & Fridge,Dairy Eggs & Fridge,Specials
Jarlsberg Original Cheese Slices Sliced Cheese 150g,7.45,6.85,Dairy Eggs & Fridge,Dairy Eggs & Fridge,
Coon Cheese Block Tasty 1kg,10.85,10.85,Dairy Eggs & Fridge,Dairy Eggs & Fridge,
Bega Farmers' Tasty Cheese 250g,5.0,6.0,Dairy Eggs & Fridge,Dairy Eggs & Fridge,
Uncle Tobys Cereal Vita Brits 1kg,5.0,5.0,Pantry,Pantry,
Sanitarium Weet-bix Breakfast Cereal 375g,2.9,2.9,Pantry,Pantry,
Kellogg's Coco Pops Chocolatey Breakfast Cereal 650g,7.5,3.75,Pantry,Pantry,Specials
Kellogg's Coco Pops Chocolatey Breakfast Cereal 375g,5.4,5.4,Pantry,Pantry,
Kellogg's All-bran High Fibre Breakfast Cereal 350g,4.4,4.4,Pantry,Pantry,
Mainland On The Go Tasty Cheese And Crackers 50g,2.8,2.5,Dairy Eggs & Fridge,Dairy Eggs & Fridge,
Coon Cheese Slices Tasty 500g,8.0,7.0,Dairy Eggs & Fridge,Dairy Eggs & Fridge,Specials
Kleenex Complete Clean Toilet Tissue 9 pack,8.9,8.0,Household,Household,
Bega Cheese Stringers Peelable Cheese 8 pack,5.0,4.4,Dairy Eggs & Fridge,Dairy Eggs & Fridge,Specials
Sanitarium Weet-bix Breakfast Cereal 575g,3.8,3.8,Pantry,Pantry,
Kellogg's Special K Original Breakfast Cereal 300g,4.95,4.95,Pantry,Pantry,
Kellogg's Sultana Bran High Fibre Breakfast Cereal 730g,7.5,3.75,Pantry,Pantry,Specials
Kellogg's Sustain Whole Grain Flakes Cereal 480g,5.7,4.25,Pantry,Pantry,Specials
Uncle Tobys Oats Quick Porridge 1kg,6.0,4.0,Pantry,Pantry,Specials
Kellogg's Froot Loops Breakfast Cereal 500g,8.5,8.5,Pantry,Pantry,
Gatorade G-active Electrolyte Water Berry Flavoured No Sugar 600mL,3.95,2.15,Drinks,Drinks,Specials
Kellogg's Nutri-grain Protein Breakfast Cereal 290g,4.95,4.95,Pantry,Pantry,
Kellogg's Special K Original Breakfast Cereal 535g,7.65,3.82,Pantry,Pantry,Specials
Dolmio Extra Spicy Peppers Tomato Pasta Sauce 500g,3.29,2.9,Pantry,Pantry,Specials
Leggos Passata Sauce Italian Herbs 700g,3.2,3.2,Pantry,Pantry,
Dolmio Creamy Carbonara Pasta Sauce 490g,3.29,2.9,Pantry,Pantry,Specials
Dolmio Extra Italian Herbs Tomato Pasta Sauce 500g,3.29,2.9,Pantry,Pantry,Specials
Uncle Tobys Oats Traditional Porridge 500g,4.7,4.25,Pantry,Pantry,
Kellogg's Sultana Bran High Fibre Breakfast Cereal 420g,5.3,5.3,Pantry,Pantry,
Kellogg's Nutri-grain Protein Breakfast Cereal 805g,8.5,8.5,Pantry,Pantry,
Kellogg's Nutri-grain Protein Breakfast Cereal 500g,6.75,3.37,Pantry,Pantry,Specials
Carman's Original Fruit Free Muesli 500g,6.65,4.5,Pantry,Pantry,Specials
Dolmio Extra Bolognese Tomato Pasta Sauce 500g,3.29,2.9,Pantry,Pantry,Specials
Dolmio Extra Garden Vegetables Tomato Pasta Sauce 500g,3.29,2.9,Pantry,Pantry,Specials
Leggos Tomato Paste Regular 280g,3.1,2.6,Pantry,Pantry,Specials
Uncle Tobys Oats Quick Porridge 500g,4.7,4.25,Pantry,Pantry,
Leggos Pasta Sauce Napoletana 500g,3.35,3.0,Pantry,Pantry,Specials
Dolmio Extra Garlic Tomato Pasta Sauce 500g,3.29,2.9,Pantry,Pantry,Specials
Dolmio Lasagne Bechamel Sauce 490g,3.0,3.0,Pantry,Pantry,
Heinz Seriously Good Aioli Garlic Lover Squeezy Bottle 295mL,4.45,3.5,Pantry,Pantry,Specials
Praise Dressings Balsamic 330mL,3.0,3.0,Pantry,Pantry,
Heinz Mayonnaise Salad Cream English 250g,3.35,3.0,Pantry,Pantry,
Leggos Stir Through Chargrilled Vegetable 350g,4.45,4.0,Pantry,Pantry,
Uncle Tobys Oats Traditional Porridge 1kg,6.0,4.0,Pantry,Pantry,Specials
Leggos Tomato Paste Squeeze 400g,4.0,3.85,Pantry,Pantry,
Praise Mayonnaise Traditional 470g,4.65,3.0,Pantry,Pantry,Specials
Leggos Pesto Traditional Basil 190g,4.6,4.6,Pantry,Pantry,
Heinz Seriously Good Whole Egg Mayonnaise 295mL,4.45,3.5,Pantry,Pantry,Specials
Praise Dressings Italian Original 330mL,3.0,3.0,Pantry,Pantry,
Praise Dressings Thousand Island 330mL,3.0,3.0,Pantry,Pantry,
Raguletto Pasta Sauce Napolitana 500g,1.9,1.8,Pantry,Pantry,
Leggos Tomato Paste Pizza Grlc Onion Herb Squeeze 400g,4.0,3.85,Pantry,Pantry,
Praise Dressings Caesar 330mL,3.0,3.0,Pantry,Pantry,
Praise Dressings French Original 330mL,3.0,3.0,Pantry,Pantry,
Praise Dressings Coleslaw 330mL,3.0,3.0,Pantry,Pantry,
Praise Aioli Mayonnaise Deli Style Classic 250mL,4.45,3.0,Pantry,Pantry,Specials
Masterfoods Mint Jelly Sauce 290g,2.95,2.65,Pantry,Pantry,
Praise Ranch Dressing Ranch 330mL,3.0,3.0,Pantry,Pantry,
Praise Whole Egg Mayonnaise Mayonnaise 335g,5.55,5.0,Pantry,Pantry,
Rosella Chutney Fruit 250g,2.5,2.55,Pantry,Pantry,
Gravox Gravy Liquid Traditional 250g,2.85,2.85,Pantry,Pantry,
Gravox Gravy Mix Pepper Sauce 140g,3.5,3.5,Pantry,Pantry,
Fountain Barbecue Sauce Squeeze 500mL,2.0,2.0,Pantry,Pantry,
Masterfoods Seafood Sauce Tartare 220g,2.65,1.9,Pantry,Pantry,Specials
Fountain Tomato Sauce Squeeze 500mL,2.0,2.0,Pantry,Pantry,
Trident Chilli Sauce Sweet Chilli 285mL,3.35,3.0,Pantry,Pantry,
Masterfoods Australian Mustard 175g,2.5,2.5,Pantry,Pantry,Specials
Rosella Aristocrat Onions Cocktail White 150g,2.4,2.15,Pantry,Pantry,
Heinz Tomato Sauce Ketchup 500mL,3.55,3.2,Pantry,Pantry,
Masterfoods Classic Corn Relish 250g,3.5,2.7,Pantry,Pantry,Specials
Masterfoods Mild English Mustard 175g,2.5,2.5,Pantry,Pantry,Specials
Masterfoods Hot English Mustard 175g,2.5,2.5,Pantry,Pantry,Specials
Masterfoods Mustard Dijon Original 170g,5.0,2.5,Pantry,Pantry,Specials
Masterfoods Tomato Relish 250g,3.65,2.7,Pantry,Pantry,Specials
Masterfoods Squeezy Mild American Mustard 250g,3.5,3.5,Pantry,Pantry,
Masterfoods Wholegrain Mustard 175g,2.5,2.5,Pantry,Pantry,Specials
Tabasco Chilli Sauce Red Pepper 60mL,5.1,5.0,Pantry,Pantry,
Always Fresh Cucumbers Dill 680g,3.95,3.75,Pantry,Pantry,
Gravox Gravy Mix Brown Onion 120g,3.5,3.5,Pantry,Pantry,
Three Threes Fruit Sauce Apple 250g,2.2,2.2,Pantry,Pantry,
Gravox Gravy Powder Traditional 200g,3.35,3.4,Pantry,Pantry,
Gravox Gravy Liquid Brown Onion 165g,2.2,2.5,Pantry,Pantry,
Gravox Gravy Liquid Best Ever Chip Gravy 165g,2.2,2.5,Pantry,Pantry,
Gravox Gravy Mix Roast Meat 120g,3.5,3.5,Pantry,Pantry,
Gravox Gravy Mix Instant Chicken 120g,3.5,3.5,Pantry,Pantry,
Gravox Gravy Mix Traditional 120g,3.5,3.5,Pantry,Pantry,
Always Fresh Cucumbers Baby 350g,3.9,3.8,Pantry,Pantry,
Masterfoods Horseradish Cream 175g,2.5,2.5,Pantry,Pantry,Specials
Gravox Gravy Liquid Traditional 165g,2.2,2.5,Pantry,Pantry,
Gravox Gravy Mix Supreme 425g,5.0,4.95,Pantry,Pantry,
Ocean Spray Fruit Sauce Cranberry Whole Berry 275g,4.0,3.6,Pantry,Pantry,
Masterfoods Classic Gherkin Relish 260g,3.85,2.7,Pantry,Pantry,Specials
Chicken Tonight Simmer Sauce Butter Chicken 495g,2.5,2.5,Pantry,Pantry,
Chicken Tonight Simmer Sauce Creamy Mushroom 475g,2.5,2.5,Pantry,Pantry,
Gravox Gravy Mix Traditional 425g,5.0,4.95,Pantry,Pantry,
Kan Tong Peanut Satay Stir Fry Cooking Sauce 505g,3.65,3.0,Pantry,Pantry,Specials
Gravox Finishing Sauce Pepper Steak 165g,2.2,1.75,Pantry,Pantry,Specials
Continental Recipe Base Chilli Con Carne 40g,1.5,1.6,Pantry,Pantry,
Continental Recipe Base Beef Stroganoff 40g,1.5,1.6,Pantry,Pantry,
Continental Recipe Base Chow Mein Mince 30g,1.5,1.6,Pantry,Pantry,
Continental Recipe Base Creamy Tuna Mornay 30g,1.5,1.6,Pantry,Pantry,
Gravox Gravy Liquid Chicken With Herbs 165g,2.2,2.5,Pantry,Pantry,
Kan Tong Honey Soy Garlic Stir Fry Sauce 500g,3.65,3.0,Pantry,Pantry,Specials
Masterfoods Marinade Teriyaki 375g,2.5,2.5,Pantry,Pantry,
Continental Recipe Base Spaghetti Bolognese 50g,1.5,1.6,Pantry,Pantry,
Cornwell's Apple Cider Vinegar Cider 750mL,3.8,3.4,Pantry,Pantry,
Cornwell's Vinegar Malt 750mL,3.2,3.1,Pantry,Pantry,
Continental Recipe Base Shepherds Pie 50g,1.5,1.6,Pantry,Pantry,
Western Star Original Spreadable 375g,5.55,5.0,Dairy Eggs & Fridge,Dairy Eggs & Fridge,
Masterfoods Marinade Satay 375g,2.5,2.5,Pantry,Pantry,
Olive Grove Classic Spread 500g,3.5,3.5,Dairy Eggs & Fridge,Dairy Eggs & Fridge,
Masterfoods Recipe Base Beef Stroganoff 175g,2.0,2.2,Pantry,Pantry,
Masterfoods Recipe Base Curried Sausages 175g,2.0,2.2,Pantry,Pantry,
Masterfoods Honey Mustard Chicken Recipe Base 175g,2.0,2.2,Pantry,Pantry,
Continental Recipe Base Curried Sausages 35g,1.5,1.6,Pantry,Pantry,
Cornwell's White Vinegar White 750mL,3.2,3.1,Pantry,Pantry,
Spc Spaghetti Rich Tomato Sauce 420g,1.15,1.4,Pantry,Pantry,
Western Star Original Butter Block 250g,3.5,4.0,Dairy Eggs & Fridge,Dairy Eggs & Fridge,
Kan Tong Black Bean Stir Fry Cooking Sauce 510g,3.65,3.0,Pantry,Pantry,Specials
Spc Baked Beans Tomato Sauce 4x220g,4.65,5.0,Pantry,Pantry,
Heinz Baked Beans English Recipe 300g,2.0,2.0,Pantry,Pantry,
Spc Baked Beans Tomato Sauce 425g,1.15,1.4,Pantry,Pantry,
Maggi 2 Minute Instant Cup Noodle Chicken 60g,2.0,1.8,Pantry,Pantry,
Maggi 2 Minute Instant Noodles Chicken 5 pack,3.95,3.8,Pantry,Pantry,Specials
Masterfoods Teriyaki Chicken Stir Fry Recipe Base 175g,2.0,2.2,Pantry,Pantry,
Mainland Buttersoft Pure Salted Butter 375g,6.0,6.25,Dairy Eggs & Fridge,Dairy Eggs & Fridge,
Continental Flavoured Rice Chicken 120g,2.2,1.6,Pantry,Pantry,Specials
Suimin Brasied Beef Noodle Cup 70g,1.65,1.5,Pantry,Pantry,
Maggi 2 Minute Instant Beef Noodles 5 pack,3.95,3.8,Pantry,Pantry,Specials
San Remo La Pasta Macaroni Cheese Single Snack 80g,1.0,1.0,Pantry,Pantry,
Heinz Spaghetti Extra Cheesy Sauce 300g,2.0,2.0,Pantry,Pantry,
Indomie Mi Goreng Instant Noodles 5 pack 425g,2.75,2.75,Pantry,Pantry,
Suimin Chicken Noodle Cup 70g,1.65,1.5,Pantry,Pantry,
Heinz Spaghetti Tomato Sauce 300g,2.0,2.0,Pantry,Pantry,
Kraft Easy Mac Classic Cheese 4 pack,4.45,4.0,Pantry,Pantry,
Hamper Beef Corned 340g,6.5,6.5,Pantry,Pantry,
Nesquik Strawberry Flavour 250g,3.1,2.8,Drinks,Drinks,
Nestle Milo Malted Drinking Chocolate 460g,7.0,7.0,Drinks,Drinks,
Green's Cake Mix Traditional Vanilla 470g,2.8,2.75,Pantry,Pantry,
White Wings Pancake Mix Original Shaker 350g,2.8,2.5,Pantry,Pantry,
Nestle Milo Choc-malt 200g,4.45,4.0,Drinks,Drinks,
Green's Pancake Mix Original Shake 375g,2.9,2.2,Pantry,Pantry,Specials
Betty Crocker Brownie Mix Frosted Chocolate 500g,5.2,5.2,Pantry,Pantry,
Green's Cake Mix Traditional Chocolate 440g,2.8,2.75,Pantry,Pantry,
Green's Maple Syrup Pancake Shake 325g,3.2,2.2,Pantry,Pantry,Specials
Green's Pancake Mix Buttermilk Shake 325g,3.2,2.2,Pantry,Pantry,Specials
White Wings Pancake Mix Buttermilk 325g,2.8,2.5,Pantry,Pantry,
Crisco Canola Oil 750mL,3.8,3.45,Pantry,Pantry,Specials
Green's Cake Mix Traditional Carrot 470g,2.8,2.75,Pantry,Pantry,
Oxo Chicken Stock Cubes 71g,2.8,2.0,Pantry,Pantry,
Gold'n Canola Canola Oil 4L,20.0,18.0,Pantry,Pantry,
Mckenzie's Baking Powder 125g,2.8,2.0,Pantry,Pantry,Specials
Angas Park Prunes Pitted Resealable 500g,6.9,7.9,Pantry,Pantry,
White Wings Brownie Mix Double Chocolate Fudge 560g,4.45,3.0,Pantry,Pantry,Specials
Queen Organic Vanilla Essence 50mL,4.45,4.0,Pantry,Pantry,
Oxo Beef Stock Cubes 71g,2.8,2.0,Pantry,Pantry,
Csr Brown Sugar Dark 1kg,4.45,3.15,Pantry,Pantry,Specials
Campbell's Real Chicken Liquid Stock 500mL,2.55,2.29,Pantry,Pantry,
Vegeta Vegetable Gourmet Stock Powder 250g,4.1,1.85,Pantry,Pantry,Specials
Campbell's Real Vegetable Liquid Stock 500mL,2.55,2.29,Pantry,Pantry,
Mckenzie's Coconut Shredded Loose 215g,2.9,3.3,Pantry,Pantry,
Csr Icing Sugar Pure 500g,2.05,1.85,Pantry,Pantry,
Campbell's Real Beef Liquid Stock 500mL,2.55,2.29,Pantry,Pantry,
Queen Natural Food Colouring Rainbow 4x7mL,4.1,7.75,Pantry,Pantry,
Saxa Pepper Black Picnic Pack 50g,4.1,3.7,Pantry,Pantry,
Masterfoods Finely Crushed Garlic 170g,3.35,2.7,Pantry,Pantry,Specials
Saxa Table Salt Plain 750g,2.95,2.95,Pantry,Pantry,
John West Tuna Tempter Chunky Springwater 95g,4.6,1.15,Pantry,Pantry,Specials
Saxa Natural Rock Salt 500g,2.3,2.05,Pantry,Pantry,
Mckenzie's Bi Carb Soda 500g,2.55,2.0,Pantry,Pantry,Specials
Sirena Tuna In Oil Italian Style 185g,4.3,4.3,Pantry,Pantry,
Sirena Tuna In Oil Italian Style 95g,2.7,2.7,Pantry,Pantry,
John West Tuna Tempters Sweet Chilli 95g,2.3,1.15,Pantry,Pantry,Specials
Massel Ultracubes Chicken 105g,3.35,3.4,Pantry,Pantry,
Nestle Bakers Choice Cocoa 190g,4.45,4.0,Pantry,Pantry,
Equal Sweetener Tablets 100 pack,4.3,3.0,Pantry,Pantry,Specials
John West Tuna Olive Oil Blend 95g,2.3,1.15,Pantry,Pantry,Specials
Greenseas Tuna Sweet Chilli 95g,2.2,1.7,Pantry,Pantry,Specials
Greenseas Tuna Chunk In Spring Water 95g,2.2,1.7,Pantry,Pantry,Specials
Saxa Pepper White Picnic Pack 50g,4.1,3.7,Pantry,Pantry,
John West Tempters Tuna Mild Indian Curry 95g,2.3,1.15,Pantry,Pantry,Specials
Masterfoods Freshly Chopped Chilli 160g,3.35,2.7,Pantry,Pantry,Specials
Tandaco Coating Mix Fried Chicken 75g,2.2,2.0,Pantry,Pantry,
John West Tempters Tuna Chilli 95g,2.3,1.15,Pantry,Pantry,Specials
Sirena Tuna In Chilli Oil 95g,2.7,2.7,Pantry,Pantry,
Greenseas Tuna Sandwich Flakes 95g,2.2,1.7,Pantry,Pantry,Specials
John West Salmon Red 210g,8.0,8.0,Pantry,Pantry,
John West Salmon Red 105g,5.5,5.5,Pantry,Pantry,
John West Salmon Tempters In Springwater 95g,2.55,2.7,Pantry,Pantry,
Sirena Tuna In Springwater 95g,2.7,2.7,Pantry,Pantry,
John West Tuna Tempters Mango Chilli 95g,2.3,1.15,Pantry,Pantry,Specials
John West Mackerel Fillets 125g,3.35,3.3,Pantry,Pantry,
John West Tuna Tempters Zesty Vinaigrette 95g,2.3,1.15,Pantry,Pantry,Specials
Masterfoods Finely Chopped Ginger 160g,3.35,2.7,Pantry,Pantry,Specials
John West Oysters Smoked In Oil 85g,3.05,2.75,Pantry,Pantry,
Golden Circle Pineapple Juice 2L,3.8,3.8,Drinks,Drinks,
Golden Circle Sunshine Punch Fruit Drink 1L,2.5,2.25,Drinks,Drinks,
Golden Circle Pine Orange Fruit Juice 2L,3.0,2.7,Drinks,Drinks,Specials
Golden Circle Tropical Fruit Juice 2L,3.0,2.7,Drinks,Drinks,Specials
Golden Circle Orange Juice 2L,3.0,2.7,Drinks,Drinks,Specials
Golden Circle Golden Pash Fruit Drink 1L,2.5,2.25,Drinks,Drinks,
John West Salmon Tempters Naturally Smoked 95g,2.55,2.7,Pantry,Pantry,
Golden Circle Tropical Punch Fruit Drink 1L,2.5,2.25,Drinks,Drinks,
John West Salmon Pink 105g,3.3,3.3,Pantry,Pantry,
Golden Circle Apple Juice 2L,3.0,2.7,Drinks,Drinks,Specials
Tandaco Coating Mix For Lightly Seasoned Fish 75g,2.2,2.0,Pantry,Pantry,
John West Tempters Tuna Smoked 95g,2.3,1.15,Pantry,Pantry,Specials
Greenseas Tuna Chunk In Olive Oil 95g,2.2,1.7,Pantry,Pantry,Specials
John West Tempters Tuna Oven Dried Tomato Basil 95g,2.3,1.15,Pantry,Pantry,Specials
Bickford's Prune Juice 1L,6.0,6.0,Drinks,Drinks,
Bickford's Cranberry Juice Drink 1L,5.8,5.35,Drinks,Drinks,
Gatorade Orange Ice Sports Drink 600mL,4.05,2.15,Drinks,Drinks,Specials
V Energy Energy Drink 500mL,3.15,3.15,Drinks,Drinks,
Gatorade Blue Bolt Sports Drink 600mL,4.05,2.15,Drinks,Drinks,Specials
Mother Black Energy Drink 500mL,2.85,2.5,Drinks,Drinks,Specials
Red Bull Energy Drink Sugar Free 250mL,2.65,3.0,Drinks,Drinks,
Lucozade Original Energy Drink 380mL,2.6,3.0,Drinks,Drinks,
V Energy Energy Drink 250mL,3.1,2.8,Drinks,Drinks,
Red Bull Energy Drink 4x250mL,10.85,7.5,Drinks,Drinks,Specials
Masterfoods Lemon Butter Spread 280g,3.9,3.4,Pantry,Pantry,
V8 Tropical Fusion Juice 1.25L,5.1,3.5,Drinks,Drinks,Specials
Capilano Honey Squeeze Pack 500g,9.55,7.0,Pantry,Pantry,Specials
Capilano Original Squeezable Honey 375g,8.0,7.2,Pantry,Pantry,
Nutella Hazelnut Spread 400g,5.3,4.3,Pantry,Pantry,Specials
Cottee's Conserve Plum 500g,2.8,2.8,Pantry,Pantry,
Cottee's Conserve Raspberry 500g,2.8,2.8,Pantry,Pantry,
Ocean Spray Cranberry Classic Juice Drink 1.5L,6.45,5.85,Drinks,Drinks,
Cottee's Jam Blackberry 500g,2.8,2.8,Pantry,Pantry,
Bega Peanut Butter Crunchy 375g,4.9,4.9,Pantry,Pantry,
Cottee's Conserve Apricot 500g,2.8,2.8,Pantry,Pantry,
Golden Circle Breakfast Juice 2L,3.0,2.7,Drinks,Drinks,Specials
Cottee's Conserve Breakfast Marmalade 500g,2.8,2.8,Pantry,Pantry,
Nutella Hazelnut Spread 220g,4.1,3.9,Pantry,Pantry,
Bega Peanut Butter Smooth 375g,4.9,4.9,Pantry,Pantry,
Masterfoods Promite Spread 290g,4.95,4.45,Pantry,Pantry,
My Dog Lamb Loaf Classics Wet Dog Food Tray 100g,1.5,1.0,Pet,Pet,Specials
Nutella Hazelnut Spread 750g,9.7,9.3,Pantry,Pantry,
Multix Trolley Liner Garbage Bags 140L 10 pack,6.2,5.6,Household,Household,
Multix Non-stick Alfoil 30cm X 10m each,3.05,2.5,Household,Household,Specials
Glad Kitchen Tidy Bag Wavetop Large 30 pack,4.2,3.8,Household,Household,
Glad Kitchen Tidy Bag Wavetop Medium 40 pack,4.2,3.8,Household,Household,
My Dog Chicken Supreme Loaf Classics Wet Dog Food Tray 100g,1.5,1.0,Pet,Pet,Specials
Multix Easy Tear Off Freezer Bags Medium 80 pack,2.9,2.4,Household,Household,
My Dog Gourmet Beef Loaf Classics Wet Dog Food Can 400g,2.45,1.8,Pet,Pet,Specials
Pedigree Dentastix Medium Dental Dog Treat 7 pack,5.2,5.0,Pet,Pet,Specials
Peck's Devilled Ham Spread 125g,3.1,2.8,Pantry,Pantry,
Pedigree Dentastix Large Dog Dental Treat 7 pack,5.2,5.0,Pet,Pet,Specials
Multix Easy Tear Off Freezer Bags Small 120 pack,2.9,2.4,Household,Household,
My Dog Gourmet Beef Loaf Classics Wet Dog Food Tray 100g,1.5,1.0,Pet,Pet,Specials
Four'n Twenty Pies Meat 4 pack,7.2,6.5,Frozen,Frozen,
My Dog Fillets In Gravy With Tender Chicken Wet Dog Food Tray 100g,1.5,1.0,Pet,Pet,Specials
My Dog Beef And Liver Loaf Classics Wet Dog Food Tray 100g,1.5,1.0,Pet,Pet,Specials
Four'n Twenty Party Pies 12 pack,6.65,6.0,Frozen,Frozen,
Primo Short Cut Bacon 750g,16.65,11.0,Dairy Eggs & Fridge,Meat Seafood & Deli,Specials
Primo Champagne Ham Thinly Sliced 100g,3.25,3.25,Dairy Eggs & Fridge,Meat Seafood & Deli,
Don English Style Thinly Sliced Leg Ham 250g,6.0,6.4,Dairy Eggs & Fridge,Meat Seafood & Deli,
Primo Ham Double Smoked 100g,3.25,3.25,Dairy Eggs & Fridge,Meat Seafood & Deli,
Sard Wonder Power Stain Remover Spray Eucalyptus 500mL,4.0,4.0,Household,Household,
Multix Easy Tear Off Freezer Bags Large 40 pack,2.9,2.4,Household,Household,
Sard Wonder Laundry Soap Eucalyptus 125g,2.95,2.65,Household,Household,
Ajax Spray N' Wipe Multipurpose Antibacterial Cleaner Lemon 500mL,3.0,3.0,Household,Household,
Four'n Twenty Sausage Roll Party 500g,6.65,6.0,Frozen,Frozen,
White King Bleach Lemon 1.25L,3.35,2.5,Household,Household,Specials
Don Champagne Thinly Sliced Leg Ham 250g,6.0,6.4,Dairy Eggs & Fridge,Meat Seafood & Deli,
White King Bleach Standard 2.5L,3.5,4.25,Household,Household,
Omo Active Clean Laundry Detergent Washing Powder 2kg,24.45,15.4,Household,Household,Specials
Pedigree Dentastix Small Dog Dental Treat 7 pack,5.2,5.0,Pet,Pet,Specials
Ajax Spray N'wipe Multipurpose Antibacterial Cleaner Lavender 500mL,3.0,3.0,Household,Household,
Gumption Paste Multi Purpose Cleanser 500g,4.5,5.4,Household,Household,
White King Premium Bleach Lemon 2.5L,3.5,4.25,Household,Household,
Fab Laundry Powder Sunshine Fresh 2kg,7.0,6.0,Household,Household,Specials
Earth Choice Toilet Cleaner Liquid Aqua 750mL,3.55,3.2,Household,Household,
Selleys Sugar Soap Liquid 750mL,4.7,4.25,Household,Household,
Vanish Preen Oxi Action Stain Remover Refill 375mL,5.0,4.0,Household,Household,
Exit Mould Bathroom Cleaner Trigger 500mL,8.35,7.5,Household,Household,
Bref Power Active Toilet Cleaner Lemon 4 In 1 50g,5.55,3.5,Household,Household,Specials
Bref Blue Active Toilet Cleaner Eucalyptus 50g,5.55,6.0,Household,Household,
Earth Choice Window Cleaner Window 600mL,3.5,3.15,Household,Household,
Easy-off Bam Oven Cleaner Heavy Duty 325g,3.9,3.5,Household,Household,
White King Bathroom Power Gel Lemon 750mL,3.7,3.5,Household,Household,
Bosisto's Insect Spray Dust Mites Eucalyptus 200g,10.45,11.95,Health & Beauty,Household,
Panadol Rapid For Pain Relief Paracetamol 500 Mg 20 pack,6.1,5.0,Health & Beauty,Health & Beauty,Specials
Advil Capsules Liquid 20 pack,4.5,5.0,Health & Beauty,Health & Beauty,
Harpic Blue Toilet Cleaner Block In Cistern 2 pack,4.1,3.7,Household,Household,
Earth Choice Floor Surface Cleaner 1L,3.0,3.0,Household,Household,
Vicks Chest Rub Vaporub 100g,8.9,12.25,Health & Beauty,Health & Beauty,
Nurofen Pain And Inflammation Relief Tablets 200mg Ibuprofen 24 pack,6.55,5.9,Health & Beauty,Health & Beauty,
Band-aid Tough Strips Brand 40 pack,4.3,4.3,Health & Beauty,Health & Beauty,
Nurofen Pain And Inflammation Relief Caplets 200mg Ibuprofen 24 pack,6.55,5.9,Health & Beauty,Health & Beauty,
Riviana Basmati Rice Extra Long Grain 1kg,4.5,4.5,Pantry,Pantry,
Swisspers Cotton Pads Make Up 80 pack,3.4,3.75,Health & Beauty,Health & Beauty,
Panadol Mini Caps For Pain Relief Paracetamol 500mg 20 pack,4.2,4.2,Health & Beauty,Health & Beauty,
Sunrice White Rice Premium Long Grain 1kg,2.2,2.0,Pantry,Pantry,
Panadol With Optizorb Paracetamol Pain Relief 20 pack,4.0,4.0,Health & Beauty,Health & Beauty,
San Remo Lasagne Pasta Large 250g,2.9,2.9,Pantry,Pantry,
Mr Sheen Polish Regular 250g,6.65,6.0,Household,Household,
Panadol Paracetamol Cold + Flu Plus Decongestant 20 pack,14.45,13.0,Health & Beauty,Health & Beauty,
Sunrice Microwave Medium Grain Brown Rice In 90 250g,2.5,2.0,Pantry,Pantry,Specials
Sunrice Microwave Jasmine Rice In 90 Seconds 250g,2.5,2.0,Pantry,Pantry,Specials
Sunrice Brown Rice Calrose Medium Grain 1kg,3.2,3.5,Pantry,Pantry,
San Remo Fettuccine Pasta 500g,2.6,2.6,Pantry,Pantry,
Vicks Nasal Decongestant Inhaler For Blocked Nose Relief 0.5mL,8.8,7.9,Health & Beauty,Health & Beauty,
San Remo Spaghetti Pasta No 5 500g,2.6,2.6,Pantry,Pantry,
San Remo Thin Spaghetti No. 4 500g,2.6,2.6,Pantry,Pantry,
Zafarelli Spaghetti No4 500g,2.2,1.2,Pantry,Pantry,Specials
San Remo Macaroni Pasta No 38 500g,2.6,2.6,Pantry,Pantry,
Sunrice Quick Cups Microwave Long Grain White Rice 250g,2.5,2.0,Pantry,Pantry,Specials
San Remo Cous Cous Medium Grain 500g,3.05,2.8,Pantry,Pantry,
Sunrice Quick Cups Microwave Fragrant Brown Rice 250g,2.5,2.0,Pantry,Pantry,Specials
San Remo Shells Large Pasta No 29 500g,2.6,2.6,Pantry,Pantry,
San Remo Penne Pasta No 18 500g,2.6,2.6,Pantry,Pantry,
Uncle Ben's Microwave Special Fried Rice 250g,3.6,3.25,Pantry,Pantry,
Continental Cup A Soup Homestyle Pumpkin 61g,2.1,1.05,Pantry,Pantry,Specials
Zafarelli Penne Rigati Pasta No 18 500g,2.2,1.2,Pantry,Pantry,Specials
Sunrice White Rice Calrose Medium Grain 1kg,3.2,3.5,Pantry,Pantry,
Campbell's Canned Soup Tomato Condensed 420g,1.8,1.7,Pantry,Pantry,
Campbell's Canned Soup Cream Of Mushroom 420g,1.8,1.7,Pantry,Pantry,
San Remo Shells Small Pasta No 28 500g,2.6,2.6,Pantry,Pantry,
Continental Cup A Soup Creamy Chicken With Lots Of Noodles 2 pack,2.1,1.05,Pantry,Pantry,Specials
Continental Cup A Soup Creamy Chicken With Croutons 2 pack,2.1,1.05,Pantry,Pantry,Specials
Continental Cup A Soup Asian Laksa 2 pack,2.1,1.05,Pantry,Pantry,Specials
San Remo Bows Ties Pasta No 23 500g,2.6,2.6,Pantry,Pantry,
Continental Cup A Soup Tasty Tomato 54g,2.1,1.05,Pantry,Pantry,Specials
Continental Cup A Soup Classic Hearty Beef 4 pack,2.0,2.0,Pantry,Pantry,
Continental Cup A Soup Dutch Curry With Rice 2 pack,2.1,1.05,Pantry,Pantry,Specials
Continental Cup A Soup Classic Spring Vegetable 4 pack,2.0,2.0,Pantry,Pantry,
Continental Cup A Soup Classic Chicken Noodle 4 pack,2.0,2.0,Pantry,Pantry,
Continental Cup A Soup Classic Cream Of Chicken 75g,2.0,2.0,Pantry,Pantry,
Continental Simmer Soup Chicken Noodle 45g,0.95,0.95,Pantry,Pantry,
Continental Cup A Soup Hearty Roast Chicken 2 pack,2.1,1.05,Pantry,Pantry,Specials
Campbell's Canned Soup Cream Of Chicken 420g,1.8,1.7,Pantry,Pantry,
Continental Simmer Soup Salt Reduced French Onion 35g,0.95,0.95,Pantry,Pantry,
Heinz Classic Canned Soup Italian Minestrone 535g,2.5,2.0,Pantry,Pantry,Specials
Campbell's Country Ladle Canned Soup Creamy Chicken 500g,3.9,1.75,Pantry,Pantry,Specials
Mckenzie's Lentils Whole Green 375g,2.55,2.3,Pantry,Pantry,
Continental Cup A Soup Classic Cream Of Mushroom 70g,2.0,2.0,Pantry,Pantry,
Continental Cup A Soup Chicken With Lots Of Noodles 2 pack,2.1,1.05,Pantry,Pantry,Specials
Heinz Canned Soup Chunky Beef Stockpot 535g,2.5,2.0,Pantry,Pantry,Specials
Continental Cup A Soup Classic Tomato 80g,2.0,2.0,Pantry,Pantry,
Campbell's Canned Soup Cream Of Asparagus 420g,1.8,1.7,Pantry,Pantry,
Continental Cup A Soup Creamy Mushroom With Croutons 2 pack,2.1,1.05,Pantry,Pantry,Specials
Continental Simmer Soup French Onion 40g,0.95,0.95,Pantry,Pantry,
Continental Cup A Soup Creamy Garden Vegetable 2 Pack 2 pack,2.1,1.05,Pantry,Pantry,Specials
Continental Cup A Soup Italian Minestrone 2 pack,2.1,1.05,Pantry,Pantry,Specials
Continental Cup A Soup Asian Thai Red Curry 60g,2.1,1.05,Pantry,Pantry,Specials
Birds Eye Wild Caught Deep Sea Dory Original Crumb 425g,10.0,10.0,Frozen,Frozen,
Earth Choice Dishwashing Tablets 42 pack,18.0,16.2,Household,Household,
Finish Powerball All In 1 Max Dishwasher Tablets Lemon 53 pack,21.0,21.0,Household,Household,
Morning Fresh Dishwashing Liquid Original Super Strength 900mL,7.5,3.75,Household,Household,Specials
Campbell's Country Ladle Canned Soup Minestrone 495g,3.9,1.75,Pantry,Pantry,Specials
Green's Pudding Chocolate Sponge 260g,2.3,2.8,Pantry,Pantry,
Heinz Classic Canned Soup Creamy Pumpkin 535g,2.5,2.0,Pantry,Pantry,Specials
Cottee's Ice Magic Chocolate 220g,4.4,3.95,Pantry,Pantry,
Morning Fresh Dishwashing Liquid Lime 900mL,7.5,3.75,Household,Household,Specials
Cottee's Squeezy Topping Chocolate 615g,3.2,3.2,Pantry,Pantry,
Queen Pure Maple Syrup 250mL,10.0,9.0,Pantry,Pantry,
Finish Powerball Quantum Ultimate Dishwasher Tablets Lemon 36 pack,18.0,18.0,Household,Household,
Old El Paso Taco Shells Shell 156g 12 pack,3.55,3.2,Pantry,Pantry,
Palmolive Ultra Strength Concentrate Dishwashing Liquid Original 750mL,6.1,4.5,Household,Household,Specials
Cottee's Squeezy Topping Caramel 575g,3.2,3.2,Pantry,Pantry,
Earth Choice Dishwashing Liquid 1L,2.0,2.0,Household,Household,
Campbell's Chunky Canned Soup Hearty Irish Stew 505g,3.5,1.75,Pantry,Pantry,Specials
Cottee's Ice Magic Mint Chocolate 220g,4.4,3.95,Pantry,Pantry,
Old El Paso Hot Taco Sauce 200g,3.55,3.2,Pantry,Pantry,
Old El Paso Mild Taco Sauce 200g,3.55,3.2,Pantry,Pantry,
Old El Paso Enchilada Dinner Kit 520g,7.2,6.5,Pantry,Pantry,
Old El Paso Mexican Sweet Paprika Taco Kit 290g,7.2,6.5,Pantry,Pantry,
Old El Paso Mexican Taco Spice Mix 30g,2.0,1.8,Pantry,Pantry,Specials
Foster Clark's Custard Vanilla 1L,4.45,4.0,Pantry,Dairy Eggs & Fridge,
Tcc Coconut Milk 400mL,1.65,1.5,Pantry,Pantry,
Morning Fresh Dishwashing Liquid Lemon Fresh 400mL,3.0,4.3,Household,Household,
Valcom Paste Thai Green Curry 210g,4.45,3.2,Pantry,Pantry,Specials
Sharwood's Simmer Sauce Butter Chicken 420g,3.0,2.0,Pantry,Pantry,Specials
Old El Paso Burrito Dinner Kit 485g,7.2,6.5,Pantry,Pantry,
Old El Paso Fajita Dinner Kit 485g,7.2,6.5,Pantry,Pantry,
Mission Naan Bread Plain 4 pack 280g,3.8,3.8,Pantry,Pantry,
Old El Paso Medium Taco Sauce 200g,3.55,3.2,Pantry,Pantry,
Dine Wet Cat Food Classic Terrine With Chicken Tray 7 pack,8.35,5.2,Pet,Pet,Specials
Old El Paso Mexican Burrito Spice Mix 40g,2.0,1.8,Pantry,Pantry,Specials
Morning Fresh Dishwashing Liquid Original 400mL,3.0,4.3,Household,Household,
Dine Saucy Morsels Wet Cat Food Ocean Fish Tray 7 pack,8.35,5.2,Pet,Pet,Specials
Whiskas 1+ Years Wet Cat Food Ocean Fish Loaf 400g can,1.75,1.75,Pet,Pet,
Old El Paso Soft Taco Dinner Kit 405g,7.2,6.5,Pantry,Pantry,
Edgell Sliced Beetroot 425g,1.5,1.5,Pantry,Pantry,
Whiskas 1+ Years Wet Cat Food Beef Mince 400g can,1.75,1.75,Pet,Pet,
Whiskas 1+ Years Wet Cat Food Lamb Mince 400g can,1.75,1.75,Pet,Pet,
Edgell Sliced Mushrooms In Butter Sauce 220g,1.8,1.6,Pantry,Pantry,
Whiskas 1+ Years Mixed Favourites In Jelly Wet Cat Food Pouch 85g x12 pack,8.0,8.0,Pet,Pet,
Continental Instant Mashed Potato Deb Mash 350g,6.4,5.45,Pantry,Pantry,
Golden Circle Beetroot Sliced 450g,2.0,1.8,Pantry,Pantry,
Valcom Paste Thai Red Curry 210g,4.45,3.2,Pantry,Pantry,Specials
Obento Japanese Rice Wine Vinegar 250mL,2.55,2.3,Pantry,Pantry,
Edgell Corn Kernels Whole 420g,1.5,1.5,Pantry,Pantry,
Whiskas 1+ Years Wet Cat Food Chicken Mince 400g can,1.75,1.75,Pet,Pet,
Edgell Peas Green 420g,1.6,1.45,Pantry,Pantry,
Edgell Corn Kernels No Added Salt 420g,1.5,1.5,Pantry,Pantry,
Edgell Corn Kernels Value Pack 4x125g,3.0,3.0,Pantry,Pantry,
Edgell Beans Cannellini 400g,1.65,1.5,Pantry,Pantry,
Ardmona Tomatoes Whole Peeled 400g,1.55,1.4,Pantry,Pantry,
Golden Circle Beetroot Baby Whole 450g,2.0,2.0,Pantry,Pantry,
Philadelphia Cream Cheese Sweet Chilli Pourovers 250g,4.3,3.5,Dairy Eggs & Fridge,Dairy Eggs & Fridge,Specials
Birds Eye Golden Crunch Straight Cut Chips 1kg,4.3,4.3,Frozen,Frozen,
Huggies Ultra Dry Nappies Walker 13-18kg Boy 64 pack,30.0,30.0,Baby,Baby,
Huggies Baby Wipes Fragrance Free 80 pack,4.0,4.0,Baby,Baby,
Huggies Drynites Girls Convenience 4-7 Years 10 pack,11.0,12.0,Baby,Baby,
S-26 Alula Gold Newborn 0 -6 Months 900g,23.0,23.0,Baby,Baby,
Edgell Sweet Sliced Beetroot Sliced Sweet 425g,1.5,1.5,Pantry,Pantry,
Ardmona Crushed Tomatoes Vine Ripened 410g,1.4,1.4,Pantry,Pantry,
Bonjela Pain Relief Teething Gel 15g,9.4,9.4,Baby,Baby,
Dove Beauty Bar Soap Original 2x100g,3.8,3.8,Health & Beauty,Health & Beauty,
Mccain Hash Browns Shredded 750g,3.35,3.3,Frozen,Frozen,
S-26 Alula Gold Progress 6- 12 Months 900g,23.0,23.0,Baby,Baby,
Palmolive Gold Bar Soap Daily Deodorant Protection 90g x4 pack,2.5,2.85,Health & Beauty,Health & Beauty,
S-26 Alula Gold Toddler 1 Year + 900g,19.0,20.0,Baby,Baby,
Dettol Antibacterial Liquid Hand Wash Pump Refresh 250mL,2.0,2.0,Health & Beauty,Health & Beauty,
Heinz Pureed Food 4 Months Fruity Apple 110g,1.0,1.0,Baby,Baby,
Edgell Beans Butter 400g,1.65,1.5,Pantry,Pantry,
Heinz Simply Food 6 Months Banana Custard 120g,1.5,1.5,Baby,Baby,
Funtime Kids Bubble Bath Space Bubbles 1L,2.4,2.15,Health & Beauty,Health & Beauty,
Nestle Uncle Tobys Muesli Bars Chewy Apricot 6 pack,4.3,4.3,Pantry,Pantry,
A2 Platinum Toddler Formula Stage 3 1-3yrs 900g,35.55,33.6,Baby,Baby,
Uncle Tobys Roll-ups Rainbow Berry 6 pack,4.45,4.0,Pantry,Pantry,
Kellogg's Lcms Kaleidos Snack Bars 6 pack,4.45,2.0,Pantry,Pantry,Specials
Yoplait Strawberry Yoghurt 1kg,4.0,4.0,Dairy Eggs & Fridge,Dairy Eggs & Fridge,
Kellogg's Lcms Choc Chip Snack Bars 6 pack,4.45,2.0,Pantry,Pantry,Specials
Huggies Drynites Boys Convenience 4-7 Years 10 pack,11.0,12.0,Baby,Baby,
Farmers Union Greek Style Natural Yoghurt 1kg,5.5,5.5,Dairy Eggs & Fridge,Dairy Eggs & Fridge,
Yoplait Petit Miam Strawberry 70g,1.0,1.0,Dairy Eggs & Fridge,Dairy Eggs & Fridge,
Golden Circle Cordial Orange Crush 2L,3.0,3.0,Drinks,Drinks,
Golden Circle Cordial Raspberry Crush 2L,3.0,3.0,Drinks,Drinks,
Golden Circle Cordial Fruit Cup Crush 2L,3.0,3.0,Drinks,Drinks,
Yoplait Mango Yoghurt 1kg,4.0,4.0,Dairy Eggs & Fridge,Dairy Eggs & Fridge,
Uncle Tobys Muesli Bars Chewy Choc Chip 6 pack,4.3,4.3,Pantry,Pantry,
Cottee's Cordial Fruit Cup 1L,4.2,4.2,Drinks,Drinks,
Jalna Premium Vanilla Yoghurt 1kg,7.0,5.5,Dairy Eggs & Fridge,Dairy Eggs & Fridge,Specials
Cottee's Cordial Orange 1L,4.2,4.2,Drinks,Drinks,
Yoplait Vanilla Yoghurt 1kg,4.0,4.0,Dairy Eggs & Fridge,Dairy Eggs & Fridge,
Bickford's Lemon Barley Cordial 750mL,4.0,4.0,Drinks,Drinks,
Cottee's Cordial Lime Coola No Added Sugar 1L,4.2,4.2,Drinks,Drinks,
Bickford's Lemon Cordial 750mL,4.0,4.0,Drinks,Drinks,
Cottee's Cordial Pine Lime 1L,4.2,4.2,Drinks,Drinks,
Golden Circle Cordial Lime Crush 2L,3.0,3.0,Drinks,Drinks,
Mortein Diy Insect Control Bomb 3 pack,13.35,12.0,Household,Household,
Cottee's Cordial Lemon No Added Sugar 1L,4.2,4.2,Drinks,Drinks,
Mortein Insect Spray Multi Insect Killer 300g,7.05,6.35,Household,Household,
Cottee's Cordial Lemon 1L,4.2,4.2,Drinks,Drinks,
Cussons Imperial Leather Soap Bar Original 600g,3.9,4.2,Health & Beauty,Health & Beauty,
Cottee's Cordial Raspberry 1L,4.2,4.2,Drinks,Drinks,
Kiwi Kidscuff Shoe Polish Black 100mL,4.45,4.0,Household,Household,
Air Wick Manual Spray Air Freshener Lavender 237g,3.1,2.8,Household,Household,
Aerogard Insect Repellent Tropical 150g,8.35,8.5,Household,Household,
Hovex Insect Control Camphor 18g,3.1,2.8,Household,Household,
Birds Eye Country Harvest Garden Mix Snap Frozen 1kg,5.55,5.0,Frozen,Frozen,
Mccain Healthy Choice Chicken Carbonara 300g,4.0,4.0,Frozen,Frozen,
Mccain Spaghetti Bolognese 400g,4.5,3.5,Frozen,Frozen,Specials
Goulburn Valley Pear Sliced In Juice 700g,4.1,3.7,Pantry,Pantry,
Kiwi Shoe Care Boot Laces Black each,3.2,2.9,Household,Household,
Sara Lee French Cream Cheesecake 360g,6.95,6.25,Frozen,Frozen,
Birds Eye Corn Cobs Super Sweet 1kg,5.55,5.0,Frozen,Frozen,
Kiwi Dark Tan Shoe Polish 38g,5.55,5.0,Household,Household,
Birds Eye Peas Garden Field Fresh 1kg,4.1,3.7,Frozen,Frozen,
Mccain Fettuccine Carbonara 375g,4.5,3.5,Frozen,Frozen,Specials
Golden Circle Pineapple Pieces In Syrup 450g,3.6,3.75,Pantry,Pantry,
Golden Circle Pineapple Pieces In Natural Juice 440g,3.6,3.75,Pantry,Pantry,
Mccain Tuna Mornay 400g,4.5,3.5,Frozen,Frozen,Specials
Spc Diced Peaches In Juice 4 pack 480g,4.0,4.0,Pantry,Pantry,
Daily Juice Orange Juice No Added Sugar 2L,5.0,5.0,Drinks,Drinks,
Libra Ultra Thins Pads Wings Regular 14 pack,3.8,2.9,Health & Beauty,Health & Beauty,Specials
Spc Peaches Sliced In Juice 825g,3.5,2.8,Pantry,Pantry,Specials
Sensodyne Toothpaste Sensitive Teeth Daily Care Extra Fresh 110g,8.5,5.5,Health & Beauty,Health & Beauty,Specials
Mccain Dinner Chicken Parmagiana 320g,6.0,6.0,Frozen,Frozen,
Libra Pads Extra Wings Regular 14 pack,3.8,2.9,Health & Beauty,Health & Beauty,Specials
Libra Tampons Regular 16 pack,3.6,2.5,Health & Beauty,Health & Beauty,Specials
Goulburn Valley Peach Sliced In Mango Nectar 700g,3.7,3.7,Pantry,Pantry,
Colgate Cavity Protection Great Regular Flavour Toothpaste 120g,2.5,2.49,Health & Beauty,Health & Beauty,
Colgate Total Original Antibacterial Fluoride Toothpaste 115g,3.5,3.0,Health & Beauty,Health & Beauty,Specials
Libra Tampons Super 16 pack,3.6,2.5,Health & Beauty,Health & Beauty,Specials
Colgate Cavity Protection Great Regular Flavour Toothpaste 175g,3.0,2.99,Health & Beauty,Health & Beauty,
Nobby's Salted Peanuts 375g,3.9,2.45,Pantry,Pantry,Specials
Colgate Zigzag Deep Interdental Clean Toothbrush Medium 3 pack,7.0,5.0,Health & Beauty,Health & Beauty,Specials
Libra Invisible Super Pads With Wings 12 pack,3.8,3.7,Health & Beauty,Health & Beauty,Specials
John West Passionfruit Pulp In Syrup 170g,2.0,1.8,Pantry,Pantry,
Daily Juice Pulp Free Orange Juice 2L,5.0,5.0,Drinks,Drinks,
Rexona Women Antiperspirant Aerosol Deodorant Classic 250mL,5.0,5.0,Health & Beauty,Health & Beauty,
Libra Maternity Pads Aloe Vera With Wings 10 pack,3.8,2.9,Health & Beauty,Health & Beauty,Specials
Colgate 360 Degrees Whole Mouth Clean Compact Head Toothbrush Soft 2 pack,8.9,8.0,Health & Beauty,Health & Beauty,
Colgate 360 Degrees Whole Mouth Clean Compact Head Toothbrush Medium each,5.55,2.5,Health & Beauty,Health & Beauty,Specials
Rexona Men Antiperspirant Roll On Deodorant Original 50mL,4.45,4.0,Health & Beauty,Health & Beauty,
Mum Anti Perspirant Deodorant Dry Cool Pink All Day 50mL,3.0,2.5,Health & Beauty,Health & Beauty,Specials
Rexona Women Antiperspirant Aerosol Deodorant Sexy Bouquet 250mL,5.0,5.0,Health & Beauty,Health & Beauty,
Rexona Men Antiperspirant Roll On Deodorant Sport 50mL,4.45,4.0,Health & Beauty,Health & Beauty,
Cussons Imperial Leather Talc Original 300g,3.8,3.0,Health & Beauty,Health & Beauty,Specials
Gillette Fusion Power Shaving Blade Refill 4 pack,25.0,25.0,Health & Beauty,Health & Beauty,
La Famiglia Garlic Bread Sourdough 480g,7.0,6.2,Dairy Eggs & Fridge,Dairy Eggs & Fridge,
Marathon Asian Dim Sims 1.5kg,9.5,9.5,Frozen,Frozen,
Lipton Peach Ice Tea 500mL,2.0,1.9,Drinks,Drinks,
Reflex Photocopy Paper A4 Ream each,7.0,7.0,Household,Household,
Energizer Max Plus/ Advanced Aa Batteries 10 pack,10.0,16.0,Household,Household,
Pauls Vanilla Custard 600g,3.45,3.2,Dairy Eggs & Fridge,Dairy Eggs & Fridge,
Bic Ball Point Pen Shine 4 Colour each,3.1,3.45,Household,Household,
Vitapet Fish Food Goldfish Flake Plus 36g,6.2,6.0,Pet,Pet,
Pampas Shortcrust Pastry 5 Sheets 1kg,5.5,4.5,Frozen,Frozen,
Latina Fresh Lasagne Sheets 375g,5.2,5.0,Dairy Eggs & Fridge,Dairy Eggs & Fridge,
Rexona Men Antiperspirant Aerosol Deodorant Original 250mL,5.0,5.0,Health & Beauty,Health & Beauty,
La Famiglia Garlic Bread Slices 270g,5.8,2.6,Dairy Eggs & Fridge,Dairy Eggs & Fridge,Specials
Tresemme Professional Hair Conditioner Remoisturise 900mL,7.8,7.0,Health & Beauty,Health & Beauty,
Berocca Energy Vitamin Orange Effervescent Tablets 30 pack,16.0,17.3,Health & Beauty,Health & Beauty,
Ansell Gloves Silverlined Medium Size 8 1 pair,3.45,3.2,Household,Household,
Ansell Handy Clean Gloves Disposable Multi-purpose 100 pack,12.2,18.0,Household,Household,
Vaseline Petroleum Jelly Original 100g,4.45,4.0,Health & Beauty,Health & Beauty,
Tresemme Professional Hair Shampoo Deep Cleansing 900mL,7.8,7.0,Health & Beauty,Health & Beauty,
Steelo Scourer Steel Wool Soap Pads Stainless 5 pack,2.2,2.0,Household,Household,
Tresemme Professional Hair Conditioner Salon Silk 900mL,7.8,7.0,Health & Beauty,Health & Beauty,
Appletiser Sparkling Juice Apple 750mL,4.35,4.35,Drinks,Drinks,
Johnson's Face Care Daily Essentials Moisturising Dry Skin Wipes 25 pack,6.0,6.0,Health & Beauty,Health & Beauty,
Ansell Gloves Silverlined Large Size 9 1 pair,3.45,3.2,Household,Household,
Poise Incontinence Pads Extra Absorbency 12 pack,6.55,6.0,Health & Beauty,Health & Beauty,
Queen's Slipper Favour Playing Cards Poker each,5.0,6.0,Household,Household,
Huggies Baby Wipes Cucumber & Aloe 80 pack,4.0,4.0,Baby,Baby,
Pampas Puff Pastry 6 Sheets 1kg,5.5,4.5,Frozen,Frozen,
Johnson's Baby Powder 400g,5.0,4.5,Baby,Baby,
Heat Beads Original Bbq Briquettes 4kg,11.05,9.95,Household,Household,
Redwin Sorbolene Hand Cream With Vitamin E 100g,5.95,3.17,Health & Beauty,Health & Beauty,
Chris' Dips Avocado 200g,3.5,3.5,Dairy Eggs & Fridge,Dairy Eggs & Fridge,
La Famiglia Garlic Bread 400g,4.0,4.0,Dairy Eggs & Fridge,Dairy Eggs & Fridge,
Perfect Italiano 4 Cheese Melt 450g,7.65,7.65,Dairy Eggs & Fridge,Dairy Eggs & Fridge,
Johnson's Baby Oil 200mL,6.65,6.0,Baby,Baby,
Bega Tasty Natural Cheese Slices 15 pack 250g,5.0,4.5,Dairy Eggs & Fridge,Dairy Eggs & Fridge,Specials
Western Star Spreadable Supersoft 375g,5.55,5.0,Dairy Eggs & Fridge,Dairy Eggs & Fridge,
Poise Incontinence Pads Extra Plus Absorbency 10 pack,6.55,6.0,Health & Beauty,Health & Beauty,
Primo English Ham 100g,3.25,3.25,Dairy Eggs & Fridge,Meat Seafood & Deli,
Latina Fresh Beef Ravioli 375g,6.65,6.5,Dairy Eggs & Fridge,Dairy Eggs & Fridge,
V8 Original Vegetable Juice 1.25L,5.1,3.5,Drinks,Drinks,Specials
Poise Incontinence Pads Super Absorbency 14 pack,6.55,6.0,Health & Beauty,Health & Beauty,
Mildura Orange & Mango Fruit Drink 3L,4.55,4.95,Drinks,Drinks,
Meadowlea Original Spread 500g,3.3,2.0,Dairy Eggs & Fridge,Dairy Eggs & Fridge,Specials
Golden Circle Pineapple & Coconut Fruit Drink 1L,2.5,2.25,Drinks,Drinks,
Golden Circle Apple & Mango Juice 2L,3.0,2.7,Drinks,Drinks,Specials
Mildura Orange & Passionfruit Fruit Drink 3L,4.55,4.95,Drinks,Drinks,
Farmers Union Natural Greek Style Yogurt 500g,4.3,4.3,Dairy Eggs & Fridge,Dairy Eggs & Fridge,
Red Bull Energy Drink 473mL,4.6,4.85,Drinks,Drinks,
Bundaberg Ginger Beer 750mL,3.45,3.15,Drinks,Drinks,
Pepsi Bottle 1.25L,2.55,2.35,Drinks,Drinks,
Birds Eye Mashed Potato 1kg,5.55,4.0,Frozen,Frozen,Specials
Mccain Superfries Shoestring 900g,3.35,3.3,Frozen,Frozen,
Patties Party Pies 12 pack,9.45,8.5,Frozen,Frozen,
Sara Lee Family Pies & Desserts Apple Pie 600g,6.95,5.0,Frozen,Frozen,Specials
Mccain Lasagne 400g,4.5,3.5,Frozen,Frozen,Specials
Four'n Twenty Pies Beef & Cheese 700g,7.2,6.5,Frozen,Frozen,
Frantelle Still Water 1.5L,1.15,1.15,Drinks,Drinks,
Birds Eye Potato Gems 1kg,4.3,4.3,Frozen,Frozen,
Mccain Frozen Peas 500g,2.0,2.0,Frozen,Frozen,
Four'n Twenty Pies Chicken & Vegetable 4 pack,7.2,6.5,Frozen,Frozen,
Birds Eye Country Harvest Peas Corn & Capsicum 500g,2.9,2.6,Frozen,Frozen,
Peters Drumstick Chocolate Mint 4 pack,8.4,8.4,Frozen,Frozen,
Weis Ice Cream Mango & Cream 4 pack,8.35,5.5,Frozen,Frozen,Specials
Peters Drumstick Super Chocolate 4 pack,8.4,8.4,Frozen,Frozen,
Peters Frosty Fruits Tropical 8 pack,7.8,7.0,Frozen,Frozen,
Palmolive Naturals Replenishing Bar Soap Milk & Honey 90g x4 pack,2.5,2.85,Health & Beauty,Health & Beauty,
Peters Original Vanilla 4L,9.5,9.4,Frozen,Frozen,
Connoisseur Ice Cream Cookies & Cream 1L tub,11.0,11.0,Frozen,Frozen,
Peters Light & Creamy Classic Vanilla Ice Cream 1.8L,5.0,5.0,Frozen,Frozen,
Nanna's Multipack Pies & Desserts Apple Pie 4 pack,4.45,4.0,Frozen,Frozen,
Peters Original Neapolitan 4L,9.5,9.4,Frozen,Frozen,
Palmolive Naturals Balanced & Mild Bar Soap Chamomile Extracts 90g x4 pack,2.5,2.85,Health & Beauty,Health & Beauty,
Gaviscon Dual Action Heartburn & Indigestion Chewable Tablets 32 pack,11.65,10.5,Health & Beauty,Health & Beauty,
Nanna's Family Pies & Desserts Apple Pie 600g,4.45,4.0,Frozen,Frozen,
Mitchum Women's Roll On Powder Fresh Antiperspirant & Deodorant 50mL,3.2,3.8,Health & Beauty,Health & Beauty,
Gaviscon Dual Action Heartburn & Indigestion Liquid Peppermint 600mL,17.45,15.7,Health & Beauty,Health & Beauty,
Schick Razor Disposable Quattro 4 Aloe & Vitamin E 3 pack,6.0,6.0,Health & Beauty,Health & Beauty,
Gaviscon Dual Action Heartburn & Indigestion Liquid Peppermint 300mL,9.65,8.7,Health & Beauty,Health & Beauty,
Sara Lee Sticky Date Pudding 475g,6.25,6.25,Frozen,Frozen,
Mclintocks Vanilla Fresh Fridge Wipe & Deodorizer 500mL,5.3,4.75,Household,Household,
Nanna's Apple Crumble 550g,4.45,4.0,Frozen,Frozen,
Aspro Clear Pain Relief Soluble Tablets 24 pack,4.5,5.0,Health & Beauty,Health & Beauty,
Gaviscon Dual Action Heartburn & Indigestion Chewable Tablets 16 pack,6.35,5.7,Health & Beauty,Health & Beauty,
Earth Choice Dishwashing Liquid Green Tea & Lime 500mL,3.35,3.0,Household,Household,
Birds Eye Oven Bake Crumbed 425g,11.1,10.0,Frozen,Frozen,
Libra Goodnights Pads 10 pack,3.8,2.9,Health & Beauty,Health & Beauty,Specials
Lucas' Papaw Lip Care Ointment 25g,6.65,6.0,Health & Beauty,Health & Beauty,
Earth Choice Fabric Softener 1L,2.2,2.0,Household,Household,
Earth Choice Shower Cleaner 600mL,4.6,4.15,Household,Household,
Strepsils Soothing Honey & Lemon Lozenge 16 pack,5.5,5.5,Health & Beauty,Health & Beauty,
Sorbent Flushable Wipes Clean & Fresh Refill 40 pack,3.5,3.5,Household,Household,
Earth Choice Top & Front Loader 1L,2.6,2.4,Household,Household,
Birds Eye Fish Fingers 1kg,10.0,10.0,Frozen,Frozen,
Clr Multipurpose Cleaner - Calcium Limescale & Rust 750mL,15.35,13.8,Household,Household,
Earth Choice Wool Wash 1L,2.45,2.2,Household,Household,
Energizer Max Aa Batteries 4 pack,5.5,5.5,Household,Household,
Omo Active Clean Laundry Liquid Detergent Front & Top Loader 2L,24.45,15.4,Household,Household,Specials
Easy-off Bam Soap Scum & Shine Trigger 500mL,5.55,5.0,Household,Household,
Dishmatic Handle each,4.45,4.0,Household,Household,
Glad Cling Wrap 30m,3.0,2.7,Household,Household,
Chux Original Superwipes 10 pack,4.0,4.0,Household,Household,
Sunbeam Raisins 375g,5.45,4.9,Pantry,Pantry,
Sunbeam Mixed Fruit 375g,5.2,3.75,Pantry,Pantry,Specials
Energizer Max Aaa Batteries 8 pack,10.0,10.0,Household,Household,
Glad Cling Wrap 60m,4.5,4.5,Household,Household,
Sunbeam Sultanas 375g,4.45,4.0,Pantry,Pantry,
Sunbeam Sultanas & Apricot 6x37g,3.0,2.4,Pantry,Pantry,Specials
Scotch-brite Heavy Duty Scourer & Sponge 3 pack,3.65,4.5,Household,Household,
Bostik Blu-tack 75g ,2.8,4.0,Household,Household,
Eveready Gold Aa Batteries 10 pack,8.0,8.0,Household,Household,
Nestle Plaistowe Cooking Chocolate 70% Cocoa 200g,4.45,4.0,Pantry,Pantry,
Mckenzie's Acid Citric 75g,2.8,2.25,Pantry,Pantry,
Mckenzie's Cream Of Tartar 125g,4.0,3.4,Pantry,Pantry,
White Wings Self Raising Flour 1kg,3.0,2.5,Pantry,Pantry,Specials
Nestle Bakers' Choice Milk Choc Melts 290g,4.3,3.85,Pantry,Pantry,
Nestle Bakers' Choice Dark Choc Bits 200g,4.4,3.95,Pantry,Pantry,
Nestle Bakers' Choice White Choc Bits 200g,4.4,3.95,Pantry,Pantry,
Cadbury Bournville Cocoa 250g,5.45,4.9,Pantry,Pantry,
Krummies Breadcrumbs 375g,3.35,3.0,Pantry,Pantry,
Betty Crocker Vanilla Frosting 400g,4.45,4.0,Pantry,Pantry,
Csr Caster Sugar 1kg,2.8,2.0,Pantry,Pantry,Specials
Csr Brown Sugar 500g,2.2,2.15,Pantry,Pantry,
Csr Brown Sugar 1kg,3.75,3.75,Pantry,Pantry,
Arnott's Kingston Creams 200g,3.0,2.0,Pantry,Pantry,Specials
Arnott's Custard Creams 250g,3.0,2.0,Pantry,Pantry,Specials
Csr White Sugar 2kg,2.4,2.4,Pantry,Pantry,
Arnott's Monte Carlo 250g,3.0,2.0,Pantry,Pantry,Specials
Arnott's Nice 250g,2.3,2.3,Pantry,Pantry,
Arnott's Family Assorted 500g,4.0,4.0,Pantry,Pantry,
Csr White Sugar 1kg,1.75,1.2,Pantry,Pantry,Specials
Csr Raw Sugar 1kg,2.3,2.3,Pantry,Pantry,
Nestle Bakers' Choice Milk Choc Bits 200g,4.4,3.95,Pantry,Pantry,
Arnott's Milk Coffee 250g,2.3,2.3,Pantry,Pantry,
Arnott's Assorted Cream Biscuits 500g,5.5,5.5,Pantry,Pantry,
Arnott's Tina Wafers 250g,3.4,2.5,Pantry,Pantry,Specials
Arnott's Scotch Finger 250g,3.0,2.0,Pantry,Pantry,Specials
Mckenzie's Rice Flour 375g,1.65,1.5,Pantry,Pantry,
Arnott's Marie Biscuits 250g,2.3,2.3,Pantry,Pantry,
Sunbeam Sultanas 1kg,9.35,8.4,Pantry,Pantry,
Arnott's Chocolate Ripple 250g,3.0,3.0,Pantry,Pantry,
Arnott's Milk Arrowroot 250g,2.3,2.3,Pantry,Pantry,
Arnott's Malt O' Milk 250g,3.0,3.0,Pantry,Pantry,
Arnott's Butternut Snap Cookie 250g,3.0,3.0,Pantry,Pantry,
Arnott's Raspberry Shortcake 250g,3.0,2.0,Pantry,Pantry,Specials
Arnott's Biscuit Orange Slice 250g,3.0,2.0,Pantry,Pantry,Specials
Arnott's Delta Creams 250g,3.0,2.0,Pantry,Pantry,Specials
Oreo Cookie Original 133g,2.2,1.5,Pantry,Pantry,Specials
Arnott's Triple Wafers 200g,3.4,2.5,Pantry,Pantry,Specials
Multix Green Recycled Alfoil 30cm X 10m each,2.0,3.0,Household,Household,
Tandaco Dry Yeast 5 pack 35g,2.3,2.4,Pantry,Pantry,
Kellogg's Just Right Apricot & Sultana Cereal 460g,5.9,5.9,Pantry,Pantry,
Carman's Classic Fruit & Nut Muesli 500g,6.65,4.5,Pantry,Pantry,Specials
Edgell Red Kidney Beans 400g,1.65,1.5,Pantry,Pantry,
Arnott's Lemon Crisp 250g,3.0,2.0,Pantry,Pantry,Specials
Edgell Chickpeas 400g,1.65,1.5,Pantry,Pantry,
Edgell Four Bean Mix 400g,1.65,1.5,Pantry,Pantry,
Edgell Black Beans 400g,1.65,1.5,Pantry,Pantry,
Morning Sun Muesli Natural Style 97% Fat Free 650g,3.6,3.5,Pantry,Pantry,
Edgell Lentils 400g,1.65,1.5,Pantry,Pantry,
Goulburn Valley Apricot 700g,3.7,3.7,Pantry,Pantry,
Spam Ham Hot & Spicy 340g,6.1,4.0,Pantry,Pantry,Specials
Goulburn Valley Plums 700g,4.1,3.7,Pantry,Pantry,
Kellogg's Just Right Apricot & Sultana Cereal 790g,8.5,8.5,Pantry,Pantry,
Cadbury Freddo Biscuit 167g,3.35,3.0,Pantry,Pantry,
Sanitarium Up&go Liquid Breakfast Choc Ice 6 pack,9.7,9.7,Pantry,Pantry,
John West Salmon Tempters Onion & Tomato 95g,2.55,2.7,Pantry,Pantry,
Sanitarium Up&go Liquid Breakfast No Added Sugar Choc Ice 3x250mL,5.15,4.95,Pantry,Pantry,
Goulburn Valley Two Fruits 700g,3.7,3.7,Pantry,Pantry,
Greenseas Tuna Tomato & Onion 95g,2.2,1.7,Pantry,Pantry,Specials
John West Tempters Tuna Onion & Tomato Savoury Sauce 95g,2.3,1.15,Pantry,Pantry,Specials
Morning Sun Muesli Natural Style Apricot & Almond 650g,3.6,3.5,Pantry,Pantry,
Edgell Peas & Carrots Peas & Carrots 420g,2.2,1.5,Pantry,Pantry,Specials
Tom Piper Beef Braised Steak & Onions 400g,3.0,3.0,Pantry,Pantry,
John West Tuna Sweet Corn & Mayonnaise 95g,2.3,1.15,Pantry,Pantry,Specials
Edgell Creamed Corn Creamed 420g,1.5,1.5,Pantry,Pantry,
Saxa Iodised Salt 750g,2.95,2.95,Pantry,Pantry,
John West Tempters Tuna Lemon & Cracked Pepper 95g,2.3,1.15,Pantry,Pantry,Specials
Gravox Gravy Liquid Lamb & Rosemary 250g,2.2,2.85,Pantry,Pantry,
Saxa Iodised Table Salt 125g,2.2,2.0,Pantry,Pantry,
Holbrooks Sauce Worcestershire 250mL,3.65,3.3,Pantry,Pantry,
Holbrooks Sauce Worcestershire 500mL,6.1,5.5,Pantry,Pantry,
Three Threes Pickles Mustard 520g,2.35,3.0,Pantry,Pantry,
S&w Mayonnaise Whole Egg 440g,6.65,6.0,Pantry,Pantry,
Maggi Oyster Sauce 275mL,3.35,3.0,Pantry,Pantry,
Dolmio Extra Red Wine & Italian Herbs Tomato Pasta Sauce 500g,3.29,2.9,Pantry,Pantry,Specials
Masterfoods Barbecue Sauce 500mL,2.95,1.47,Pantry,Pantry,Specials
Dolmio Extra Tomato Onion & Roast Garlic Pasta Sauce 500g,3.29,2.9,Pantry,Pantry,Specials
Leggos Stir Through Sundried Tomato & Garlic 350g,4.45,4.0,Pantry,Pantry,
Kan Tong Pineapple Sweet & Sour Stir Fry Sauce 515g,3.65,3.0,Pantry,Pantry,Specials
Foster Clark's Custard Powder 350g,1.9,2.2,Pantry,Dairy Eggs & Fridge,
Masterfoods Tomato Sauce 500mL,2.95,1.47,Pantry,Pantry,Specials
Kikkoman Soy Sauce 150mL,4.45,3.7,Pantry,Pantry,Specials
Praise 99% Fat Free Mayonnaise 410g,3.4,3.0,Pantry,Pantry,Specials
Chicken Tonight Simmer Sauce Honey & Mustard 485g,2.5,2.5,Pantry,Pantry,
Masterfoods Honey Garlic & Soy Marinade 375g,2.5,2.5,Pantry,Pantry,
Green's Maple Flavoured Syrup 375g,2.9,3.2,Pantry,Pantry,
Leggos Pasta Bake Creamy Tomato & Mozzarella 500g,3.35,3.0,Pantry,Pantry,
Continental Pasta & Sauce Creamy Bacon Carbonara 85g,2.2,1.6,Pantry,Pantry,Specials
Continental Rice Oriental 115g,2.2,1.6,Pantry,Pantry,Specials
Mission Naan Bread Garlic & Herb 4 pack,3.8,3.8,Pantry,Pantry,
Continental Pasta & Sauce Sour Cream & Chives 85g,2.2,1.6,Pantry,Pantry,Specials
Continental Pasta & Sauce Alfredo 85g,2.2,1.6,Pantry,Pantry,Specials
Chang's Fried Noodles 100g,1.4,1.4,Pantry,Pantry,
Continental Pasta & Sauce Macaroni Cheese 105g,2.2,1.6,Pantry,Pantry,Specials
Leggos Pasta Sauce Bolognese With Chunky Tomato Garlic & Herbs 500g,3.35,3.0,Pantry,Pantry,Specials
Kraft Mac N Cheese Original 205g,3.2,2.9,Pantry,Pantry,
Csr Golden Syrup 850g,6.65,4.75,Pantry,Pantry,Specials
Vegemite Spread 380g,6.5,6.5,Pantry,Pantry,
Old El Paso Refried Beans 435g,3.35,3.0,Pantry,Pantry,
Continental Pasta & Sauce Chicken Curry 90g,2.2,1.6,Pantry,Pantry,Specials
Vegemite Spread 560g,8.9,8.35,Pantry,Pantry,
Nisshin Panko Breadcrumbs 200g,5.9,5.0,Pantry,Pantry,
Riviana Arborio Rice 1kg,4.2,3.8,Pantry,Pantry,
Sunrice Basmati Rice 1kg,2.5,4.6,Pantry,Pantry,
Old El Paso Mild Salsa Thick & Chunky 375g,4.95,3.5,Pantry,Pantry,Specials
Nestle Uncle Tobys Muesli Bars Yoghurt & Honeycomb 185g,4.3,4.3,Pantry,Pantry,
Cadbury Favourites 570g,22.2,20.0,Pantry,Pantry,
Nice & Natural Nut Bar Chocolate 6 pack,3.0,2.0,Pantry,Pantry,Specials
Cadbury Favourites 373g,14.0,7.0,Pantry,Pantry,Specials
Ferrero Rocher Chocolates 16 pack,14.0,13.5,Pantry,Pantry,
Nice & Natural Nut Bar Yoghurt 6 pack,3.0,2.0,Pantry,Pantry,Specials
Uncle Tobys Muesli Bars Yoghurt & Strawberry 6 pack,4.3,4.3,Pantry,Pantry,
Cadbury Dairy Milk Fruit & Nut 180g,5.0,3.5,Pantry,Pantry,Specials
Vegemite Spread 150g,3.5,3.5,Pantry,Pantry,
Nice & Natural Nut Bar Trail Mix 6 pack,3.0,2.0,Pantry,Pantry,Specials
Cadbury Old Gold Dark Chocolate 70% Cocoa 180g,5.0,4.5,Pantry,Pantry,Specials
Cadbury Creamy Hazelnut Crunch 170g,5.0,3.5,Pantry,Pantry,Specials
Fantastic Delites Snacks Sea Salt & Balsamic Vinegar 100g,2.2,1.5,Pantry,Pantry,Specials
Fantastic Rice Crackers Sweet Chilli & Sour Cream 100g,2.0,1.5,Pantry,Pantry,Specials
Ritz Crackers Original 300g,3.35,2.5,Pantry,Pantry,Specials
M&m's Chocolate Medium Party Share Bag 12 Piece 162g,5.0,3.0,Pantry,Pantry,Specials
Sunrice Rice Cakes Thin Sour Cream & Chives 195g,3.0,2.7,Pantry,Pantry,
Cheezels Cheese Box 125g,2.8,1.25,Pantry,Pantry,Specials
Ryvita Original 250g,3.15,1.42,Pantry,Pantry,Specials
Arnott's Cheds 250g,4.0,3.0,Pantry,Pantry,Specials
Fantastic Delites Snacks Sour Cream & Chives 100g,2.2,1.5,Pantry,Pantry,Specials
Pringles Salt & Vinegar Flavour Chips 134g,4.45,3.0,Pantry,Pantry,Specials
Arnott's Country Cheese 250g,4.0,3.0,Pantry,Pantry,Specials
Captain's Table Water Cracker 125g,1.8,1.8,Pantry,Pantry,
Lifesavers Musk 34g,1.2,0.9,Pantry,Pantry,Specials
Lifesavers Fruit Tingles 34g,1.2,0.9,Pantry,Pantry,Specials
Cadbury Chomp 30g bar,0.85,0.8,Pantry,Pantry,Specials
Allen's Party Mix Lollies Bag Variety 190g,3.0,3.0,Pantry,Pantry,
Allen's Retro Party Mix Lollies Bag 190g,3.0,3.0,Pantry,Pantry,
Mentos Fruit Chews 37.5g roLL,1.55,1.0,Pantry,Pantry,Specials
Tic Tac Orange 24g,2.0,2.0,Pantry,Pantry,
Cadbury Dairy Milk Freddo Frog 35g,1.1,0.8,Pantry,Pantry,Specials
Allen's Strawberry & Cream Lollies Bag 190g,3.0,3.0,Pantry,Pantry,
Mentos Mints 37.5g roLL,1.55,1.0,Pantry,Pantry,Specials
Allen's Snakes Alive Jelly Lolly Bag 200g,3.0,3.0,Pantry,Pantry,
Allen's Jelly Beans Lollies Bag 190g,3.0,3.0,Pantry,Pantry,
Allen's Ripe Raspberries Lollies Bag 190g,3.0,3.0,Pantry,Pantry,
Campbell's Canned Soup Split Pea & Ham 420g,1.8,1.7,Pantry,Pantry,
Allen's Killer Python Jelly Lolly Bag 192g,3.0,3.0,Pantry,Pantry,
Campbell's Canned Soup Cream Of Chicken & Corn 420g,1.8,1.7,Pantry,Pantry,
Kinder Surprise Chocolate Egg 20g,2.2,2.2,Pantry,Pantry,
Allen's Minties Mint Chew Lollies Bag 150g,3.0,3.0,Pantry,Pantry,
Continental Cup A Soup Creamy Chicken & Corn With Croutons 2 pack,2.1,1.05,Pantry,Pantry,Specials
Mckenzie's Dried Veg Pearl Barley 500g,1.9,1.45,Pantry,Pantry,Specials
Chupa Chups Lollipop 12g singLe,0.5,0.5,Pantry,Pantry,
Allen's Frogs Alive Lollies Bag 190g,3.0,3.0,Pantry,Pantry,
Campbell's Chunky Canned Soup Beef Hearty & Filling 505g,3.5,1.75,Pantry,Pantry,Specials
Campbell's Country Ladle Canned Soup Chicken & Sweet Corn 505g,3.9,1.75,Pantry,Pantry,Specials
Tic Tac Peppermint 24g,2.0,2.0,Pantry,Pantry,
Mckenzie's Dried Veg Yellow Split Peas 500g,1.9,1.45,Pantry,Pantry,Specials
Continental Cup A Soup Hearty Pea & Ham 2 pack,2.1,1.05,Pantry,Pantry,Specials
Heinz Big N Chunky Canned Soup Beef & Vegetable 535g,2.5,2.0,Pantry,Pantry,Specials
Mckenzie's Dried Green Split Peas 500g,1.9,1.45,Pantry,Pantry,Specials
Mckenzie's Soup Mix 500g,1.9,1.45,Pantry,Pantry,Specials
Optimum Small Breed With Chicken Vegetables & Rice Dry Dog Food 3kg,19.0,13.0,Pet,Pet,Specials
Dine Saucy Morsels With Tuna Mornay & Cheese Wet Cat Food Tray 85g,1.0,0.8,Pet,Pet,Specials
Heinz Classic Canned Soup Pea & Ham 535g,2.5,2.0,Pantry,Pantry,Specials
My Dog Adult Wet Dog Food Chicken & Turkey Banquet Can 400g,2.45,1.8,Pet,Pet,Specials
My Dog Chicken Supreme With Cheese & Toppings Wet Dog Food Tray 100g,1.5,1.0,Pet,Pet,Specials
White Wings Cornflour 300g,3.0,2.7,Pantry,Pantry,
Nestle Aero Peppermint 40g bar,2.2,1.0,Pantry,Pantry,Specials
Golden Crumpets Round Wholemeal 6 pack,3.7,1.85,Bakery,Bakery,Specials
Kettle Honey Soy Chicken 175g,5.15,3.25,Pantry,Pantry,Specials
Snickers Pods Chocolate Medium Bag 160g,4.7,2.25,Pantry,Pantry,Specials
Fantastic Beef Noodle Bowl 85g,1.8,1.0,Pantry,Pantry,Specials
Thins Chips Original 175g,3.9,3.5,Pantry,Pantry,
Thins Chips Chicken 175g,3.9,3.5,Pantry,Pantry,
Fantastic Chicken Noodle Cup 70g,1.8,1.0,Pantry,Pantry,Specials
Coon Cheese Slices Tasty 250g,6.65,6.0,Dairy Eggs & Fridge,Dairy Eggs & Fridge,
Powerade Mountain Blast Flo Cap 600mL,4.05,2.2,Drinks,Drinks,Specials
Powerade Lemon Lime Flo Cap 600mL,4.05,2.2,Drinks,Drinks,Specials
Mckenzie's Lentils Red 375g,2.55,2.3,Pantry,Pantry,
Powerade Gold Rush Flo Cap 600mL,4.05,2.2,Drinks,Drinks,Specials
Barista Bros Iced Chocolate 500mL,3.45,3.2,Drinks,Dairy Eggs & Fridge,
Barista Bros Double Expresso 500mL,3.45,3.2,Drinks,Dairy Eggs & Fridge,
Mission Wraps Original 8 pack,5.55,4.0,Bakery,Bakery,Specials
Bundaberg Ginger Beer 4x375mL,6.95,6.35,Drinks,Drinks,
Lynx For Men Shower Gel Black 400mL,6.65,4.0,Health & Beauty,Health & Beauty,Specials
Fantastic Chicken Noodle Bowl 85g,1.8,1.0,Pantry,Pantry,Specials
Powerade Blackcurrant Flo Cap 600mL,4.05,2.2,Drinks,Drinks,Specials
Monster Energy Drink 500mL,3.95,2.75,Drinks,Drinks,Specials
Maximus Blue Bring It On 1L,3.55,2.15,Drinks,Drinks,Specials
Powerade Berry Ice Flo Cap 600mL,4.05,2.2,Drinks,Drinks,Specials
Thins Chips Salt & Vinegar 175g,3.9,3.5,Pantry,Pantry,
Patties Party Pack 1.25kg,17.8,15.5,Frozen,Frozen,
Mars Pods Chocolate Medium Bag 160g,4.7,2.25,Pantry,Pantry,Specials
Patties Party Pack Mini Pies & Sausage Rolls 1kg,17.8,15.5,Frozen,Frozen,
Fantastic Beef Noodle Cup 70g,1.8,1.0,Pantry,Pantry,Specials
Kettle Chilli Chips 175g,5.15,3.25,Pantry,Pantry,Specials
Kettle Sweet Chilli & Sour Cream 175g,5.15,3.25,Pantry,Pantry,Specials
Kettle Sea Salt & Vinegar Chips 175g,5.15,3.25,Pantry,Pantry,Specials
Kettle Original Sea Salt Chips 175g,5.15,3.25,Pantry,Pantry,Specials
Nestle Milkybar 50g bar,2.2,1.0,Pantry,Pantry,Specials
Nestle Chokito 55g bar,2.2,1.0,Pantry,Pantry,Specials
Nestle Smarties 50g box,2.2,1.0,Pantry,Pantry,Specials
Nestle Peppermint Crisp 35g bar,2.2,1.0,Pantry,Pantry,Specials
Thins Chips Light & Tangy 175g,3.9,3.5,Pantry,Pantry,
