Brand_Product_Size,Brand_x,Brand_y,COL Price,WOW Price,COL ppu,WOW ppu
1000hour Eyelashes & Brow Dye Kit Black each,1000 Hour,1000hour,20.0,14.0,$20.00 per 1Ea,$14.00 / 1EA
1000hour Eyelashes & Brow Dye Kit Dark Brown each,1000 Hour,1000hour,20.0,14.0,$20.00 per 1Ea,$14.00 / 1EA
3m Command Medium Hooks Value Pack 6 pack,Command,3m command,13.5,13.5,$13.50 per 1ea,$2.25 / 1EA
Abe's Bagel Bakery Natural Bagels 360g 4 pack,Abe's Bagels,abe's bagel bakery,5.0,5.0,$1.39 per 100G,$1.25 / 1EA
Abe's Bagel Bakery Sesame Seed Bagels 360g 4 pack,Abe's Bagels,abe's bagel bakery,5.0,5.0,$1.39 per 100G,$1.25 / 1EA
Air Wick Botanica Diffuser Caribbean Vetiver & Sandalwood 80mL,Botanica,air wick,8.25,16.5,$10.31 per 100mL,$2.06 / 10ML
Air Wick Botanica French Lavender & Honey Blossom Room Spray 236mL,Botanica,air wick,7.5,7.5,$3.18 per 100mL,$3.18 / 100ML
Air Wick Botanica Island Rose & African Geranium Reed Diffuser 80mL,Botanica,air wick,8.25,16.5,$10.31 per 100mL,$2.06 / 10ML
Air Wick Botanica Island Rose & African Geranium Room Spray 236mL,Botanica,air wick,7.5,7.5,$3.18 per 100mL,$3.18 / 100ML
Air Wick Botanica Non-aerosol Spray Caribbean Vetiver Sandalwood 236mL,Botanica,air wick,7.5,7.5,$3.18 per 100mL,$3.18 / 100ML
Air Wick Botanica Reed Diffuser Vanilla & Himalayan Magnolia 80mL,Botanica,air wick,8.25,16.5,$10.31 per 100mL,$2.06 / 10ML
Alameed Coffee Medium With Cardamom Turkish Coffee 250g,Al ameed,alameed coffee,8.0,8.0,$3.20 per 100G,$3.20 / 100G
Alka-seltzer Lemon-lime Effervescent Tablets 20 pack,Alka Seltzer,alka-seltzer,7.2,8.0,$0.36 per 1Ea,$0.40 / 1EA
Always Discreet Long For Bladder Leaks 10 pack,Always,always discreet,8.0,4.8,$0.80 per 1Ea,$0.48 / 1EA
Always Discreet Long Plus For Bladder Leaks 20 pack,Always,always discreet,6.0,3.6,$0.30 per 1Ea,$0.18 / 1EA
Always Discreet Maxi Night For Bladder Leaks 6 pack,Always,always discreet,8.0,4.8,$1.33 per 1Ea,$0.80 / 1EA
Always Discreet Normal For Bladder Leaks 24 pack,Always,always discreet,6.0,3.6,$0.25 per 1Ea,$0.15 / 1EA
Always Discreet Underwear Large Pants For Bladder Leaks 8 pack,Always,always discreet,20.0,12.0,$2.50 per 1Ea,$1.50 / 1EA
Always Discreet Underwear Medium Pants For Bladder Leaks 9 pack,Always,always discreet,20.0,12.0,$2.22 per 1Ea,$1.33 / 1EA
Always Fresh Kalamata Olives Jalapeno Stuffed 220g,Always Fresh Stuffed,always fresh,5.4,4.5,$2.45 per 100G,$20.45 / 1KG
Arminia Pretzel Cracker 350g,Armonia,arminia,4.0,4.0,$1.14 per 100G,$4.00 / 350G
Aspro Clear Extra Strength Pain Relief Soluble Tablets 16 pack,Aspro Clear,aspro,5.0,5.0,$5.00 per 1Ea,$0.31 / 1EA
Aspro Clear Pain Relief Soluble Tablets 24 pack,Aspro Clear,aspro,5.0,5.0,$5.00 per 1Ea,$0.21 / 1EA
Australia's Own Barista Macadamia Milk 1L,Australias Own,australia's own,3.6,4.5,$3.60 per 1L,$4.50 / 1L
Aveeno Baby Daily Moisturising Lotion 227mL,Aveeno Baby,aveeno,10.0,10.0,$4.41 per 100mL,$4.41 / 100G
Aveeno Baby Wash & Shampoo 236mL,Aveeno Baby,aveeno,10.0,10.0,$4.24 per 100mL,$4.24 / 100ML
Bactive Hand Sanitizer 50mL,Beactive,bactive,3.0,3.0,$6.00 per 100mL,$6.00 / 100ML
Barkers Rich Chocolate Sauce 365g,Barkers Of Nz,barkers,5.0,2.5,$1.37 per 100G,$0.68 / 100G
Baxter's Caramelised Onion Relish 240g,Baxters,baxter's,3.5,4.3,$1.46 per 100G,$1.79 / 100G
Baxter's Chilli Jam 225g,Baxters,baxter's,3.5,4.3,$1.56 per 100G,$1.91 / 100G
Baxter's Classic Tomato Chutney 225g,Baxters,baxter's,3.5,4.3,$1.56 per 100G,$1.91 / 100G
Baxter's Fig & Date Balsamic Chutney 235g,Baxters,baxter's,3.5,4.3,$1.49 per 100G,$1.83 / 100G
Bellamy's Organic Baby Rice With Prebiotic 4+ Months 125g,Bellamy's Organic,bellamy's,4.2,4.2,$3.36 per 100G,$3.36 / 100G
Bellamy's Organic Banana Custard With Flaxseed 6 Months 120g,Bellamy's Organic,bellamy's,2.0,2.3,$1.67 per 100G,$1.92 / 100G
Bellamy's Organic Vanilla & Pear Custard With Chia Seeds 8 Months 120g,Bellamy's Organic,bellamy's,2.0,2.3,$1.67 per 100G,$1.92 / 100G
Bic Gelocity Original Black 2 pack,Gelocity,bic,3.6,4.5,$1.80 per 1Ea,
Bic Gelocity Original Blue 2 pack,Gelocity,bic,3.6,4.5,$1.80 per 1Ea,
Bickford's Diet Lemon Lime & Bitters Cordial 750mL,Bickfords,bickford's,3.2,4.0,$0.43 per 100mL,$5.33 / 1L
Bickford's Diet Lime Cordial 750mL,Bickfords,bickford's,3.2,4.0,$0.43 per 100mL,$5.33 / 1L
Bickford's Raspberry Cordial 750mL,Bickfords,bickford's,3.2,4.0,$4.27 per 1L,$5.33 / 1L
Bio Cheese Shred Pizza 200g,Bio,bio cheese,4.8,8.0,$24.00 per 1Kg,$40.00 / 1KG
Birch & Waite Parsley Dill & Tarragon Seafood Sauce 250mL,Coles,birch & waite,4.2,4.2,$1.68 per 100mL,$1.68 / 100ML
Birds Eye Deli Roast Vegetables 600g,Birds Eye Deli,birds eye,5.0,5.0,$8.33 per 1Kg,$8.33 / 1KG
Blu Gourmet Pearl Couscous 400g,Blu,blu gourmet,5.0,5.0,$1.25 per 100G,$1.25 / 100G
Blue Dinosaur Paleo Bars Lamington 45g,Blue Dinosaur Paleo Bars,blue dinosaur,2.85,3.5,$6.33 per 100G,$7.78 / 100G
Body Science High Protein Low Carb Bar Rocky Road 60g,BSC,body science,4.0,4.0,$6.67 per 100G,$6.67 / 100G
Boost Berry Happy 350mL,Boost Juice,boost,4.0,3.0,$11.43 per 1L,$8.57 / 1L
Bosisto's Floor Cleaner 750mL,Bosistos,bosisto's,4.0,4.0,$0.53 per 100mL,$0.53 / 100ML
Bostik Blu-tack 75g ,Bostik,,2.5,4.0,$2.50 per 1ea,$2.00 / 1EA
Buderim Ginger Bears 175g,Buderim Ginger,buderim,3.95,4.5,$22.57 per 1KG,$25.71 / 1KG
Byron Bay Cookies Milk Choc Chunk Cookie Bites 100g,Byron Bay Cookie,byron bay cookies,2.5,2.5,$2.50 per 100G,$2.50 / 100G
Cadbury Twirl Bites 135g,Cadbury Bitesize,cadbury,4.0,2.5,$2.96 per 100G,$1.85 / 100G
Calbee Harvest Snaps Black Bean Sour Cream & Chives 85g,Calbee Harvest Snaps,calbee,2.5,3.0,$2.94 per 100G,$35.29 / 1KG
Calbee Harvest Snaps Chickpea Crisps Roasted Capsicum 75g,Harvest,calbee,2.5,3.0,$3.33 per 100G,$40.00 / 1KG
Campbell's Country Ladle With Bone Broth Hearty Lentil & Veg 505g,Campbells,campbell's,4.0,3.0,$0.79 per 100G,$0.59 / 100G
Carman's Goodness & Grains Cranberry & Vanilla Flakes 375g,Carmans,carman's,5.6,5.6,$1.49 per 100G,$1.49 / 100G
Carman's Goodness & Grains Sultana & Cinnamon Flakes 375g,Carmans,carman's,5.6,5.6,$1.49 per 100G,$1.49 / 100G
Carman's Porridge Almond Pecan Hazelnut 320g,Carmans,carman's,4.0,6.0,$1.25 per 100G,$1.88 / 100G
Chang's Sesame Oil 150mL,Changs,chang's,3.65,3.65,$2.43 per 100mL,$2.43 / 100ML
Chicken Tonight Pub Favourites Chicken Bbq Wings Cooking Sauce 500g,Chicken Tonight Pub,chicken tonight,2.5,2.5,$0.50 per 100G,$0.50 / 100G
Chicken Tonight Pub Favourites Chicken Kiev Cooking Sauce 500g,Chicken Tonight Pub,chicken tonight,2.5,2.5,$0.50 per 100G,$0.50 / 100G
Clif Bar Cool Mint Chocolate Energy Bar 68g,Clif,clif bar,2.4,3.0,$3.53 per 100G,$4.41 / 100G
Club Orange Soft Drink 330mL,Club,,2.4,2.4,$0.73 per 100mL,$0.73 / 100ML
Coca-cola Diet Soft Drink Can 250mL,Coca Cola,coca-cola,2.25,2.25,$9.00 per 1L,$9.00 / 1L
Coca-cola No Sugar Soft Drink Can 250mL,Coca Cola,coca-cola,2.25,2.25,$9.00 per 1L,$9.00 / 1L
Colmans Mint Sauce 165g,Colman's,colmans,4.0,4.0,$2.42 per 100G,$2.42 / 100G
Cover Girl & Olay Simply Ageless Foundation 220 Creamy Natural 12g,Covergirl,cover girl,25.5,12.75,$21.25 per 10G,$10.63 / 10G
Cover Girl & Olay Simply Ageless Foundation 225 Buff Beige 12g,Covergirl,cover girl,25.5,12.75,$21.25 per 10G,$10.63 / 10G
Cover Girl & Olay Simply Ageless Foundation 240 Natural Beige 12g,Covergirl,cover girl,25.5,12.75,$21.25 per 10G,$10.63 / 10G
Cover Girl Advanced Radiance Pressed Powder 110 Creamy Natural 11g,Covergirl,cover girl,20.0,10.0,$152.67 per 100mL,$9.09 / 10G
Cover Girl Advanced Radiance Pressed Powder 120 Natural Beige 11g,Covergirl,cover girl,20.0,10.0,$15.27 per 10mL,$9.09 / 10G
Cover Girl Perfect Blend Eye Pencil 110 Black Brown each,Covergirl,cover girl,13.0,6.5,$152.94 per 10G,$76.47 / 10G
David Beckham Instinct Deodorant Body Spray 150mL,Beckham,david beckham,8.0,8.0,$5.33 per 100mL,$5.33 / 100ML
David Beckham Intimately Deodorant Body Spray 150mL,Beckham,david beckham,8.0,8.0,$5.33 per 100mL,$5.33 / 100ML
Difflam Plus Sore Throat Lozenges + Anaesthetic Blackcurrant 16 pack,Difflam Plus,difflam,10.0,8.0,$0.63 per 1Ea,$0.50 / 1EA
Dollar Sweets 100s & 1000s 190g,Dollar,dollar sweets,2.0,2.0,$1.05 per 100G,$1.05 / 100G
Dollar Sweets Chocolate 100s & 1000s 130g,Dollar,dollar sweets,5.0,5.0,$3.85 per 100G,$3.85 / 100G
Double Phoenix Bean Vermicelli Noodles 200g,Double,double phoenix,1.4,1.4,$0.70 per 100G,$0.70 / 100G
Dr. Oetker Papa Giuseppis Rising Stuffed Crust Supreme Pizza 525g,Dr.Oetker,dr. oetker,6.0,8.0,$1.14 per 100G,$1.52 / 100G
Easy-off Bam Oven Cleaner Heavy Duty 325g,Easy Off Bam,easy-off bam,3.5,3.5,$1.08 per 100G,$1.08 / 100G
Eclipse Intense Mints Sugar Free Large Tin 40g,Wrigley's,eclipse,3.0,3.0,$7.50 per 100G,$7.50 / 100G
Eclipse Peppermint Mints Sugar Free Large Tin 40g,Wrigley's,eclipse,3.0,3.0,$7.50 per 100G,$7.50 / 100G
Eclipse Spearmint Mints Sugar Free Large Tin 40g,Wrigley's,eclipse,3.0,3.0,$7.50 per 100G,$7.50 / 100G
Eclipse Strawberry Mints Sugar Free Large Tin 40g,Wrigley's,eclipse,3.0,3.0,$7.50 per 100G,$7.50 / 100G
Elmer's Clear Glue 147mL,Elmers,elmer's,7.0,4.9,$4.76 per 100mL,
Elmer's School Glue 225mL,Elmers,elmer's,6.0,4.2,$2.67 per 100mL,
Espressotoria Coffee Capsules Caffe Aurora Espresso 12 pack,Caffe Aurora,espressotoria,5.6,5.6,$0.47 per 1Ea,$0.47 / 1EA
Extra Soft Chew White Peppermint Chewing Gum Sugar Free Bottle 67g,Wrigley's,extra,4.0,4.0,$5.97 per 100G,$5.97 / 100G
Extra Soft Chew White Spearmint Chewing Gum Sugar Free Bottle 67g,Wrigley's,extra,4.0,4.0,$5.97 per 100G,$5.97 / 100G
Farmhouse Gold Custard Vanilla 800g,Pauls,farmhouse gold,4.0,5.0,$0.50 per 100G,$0.63 / 100G
Farrows Giant Marrowfat Peas 300g,Farrow's,farrows,2.0,2.0,$6.67 per 1Kg,$0.67 / 100G
Fever Tree Mediterranean Tonic Water 500mL,Fever-Tree,fever tree,4.0,4.0,$8.00 per 1L,$8.00 / 1L
Fisiocrem Solugel 120g,Fisiocrem,,22.0,22.0,$18.33 per 100G,$18.33 / 100G
Fisiocrem Solugel 250g,Fisiocrem,,28.0,35.0,$11.20 per 100G,$14.00 / 100G
Five:am Organic Honey & Cinnamon Yoghurt 700g,Five:AM,five:am organic,6.0,6.0,$0.86 per 100G,$0.86 / 100G
Five:am Organic Salted Caramel Yoghurt 700g,Five Am,five:am,6.0,6.0,$0.86 per 100G,$0.86 / 100G
Fodmapped For You Simmer Sauce Green Curry 200g,Fodmapped,fodmapped for you,4.0,5.0,$2.00 per 100G,$2.50 / 100G
Forrelli Salt & Vinegar Rice Cracker 100g,Forelli,forrelli,2.65,2.65,$2.65 per 100G,$2.65 / 100G
French's Classic Yellow Mustard 226g,French's,,2.8,2.8,$1.24 per 100G,$1.24 / 100G
Fromager D'affinois Petit D Affinois 150g,Fromager D'affiniois,fromager d'affinois,10.0,12.0,$66.67 per 1Kg,$80.00 / 1KG
"Fussy Cat Grain Free Beef, Kangaroo & Sweet Potato Wet Cat Food 400g",V.I.P.,fussy cat,1.8,1.8,$0.45 per 100G,$0.45 / 100G
Fussy Cat Grain Free Cat Food Beef & Kangaroo With Sweet Potato 85g,V.I.P.,fussy cat,1.2,1.19,$1.41 per 100G,$1.40 / 100G
Fussy Cat Grain Free Cat Food Chicken & Turkey With Cranberry 85g,V.I.P.,fussy cat,1.2,1.19,$1.41 per 100G,$1.40 / 100G
Fussy Cat Grain Free Chicken & Turkey With Cranberry Wet Cat Food 400g,V.I.P.,fussy cat,1.8,1.8,$0.45 per 100G,$0.45 / 100G
Garlo's Beef & Mushroom Pie 200g,Garlos,garlo's,4.5,4.5,$2.25 per 100G,$2.25 / 100G
Garlo's Chicken Breast Pie 200g,Garlos,garlo's,4.5,4.5,$2.25 per 100G,$2.25 / 100G
Garlo's Curry Beef Pie 200g,Garlos,garlo's,4.0,4.0,$2.00 per 100G,$2.00 / 100G
Garlo's Family Pie Lean Beef 550g,Garlos,garlo's,9.95,9.95,$1.81 per 100G,$1.81 / 100G
Garlo's Junior Beef Sausage Rolls 12 pack,Garlos,garlo's,10.95,10.95,$1.40 per 100G,$1.40 / 100G
Garlo's Lean Beef Pie 200g,Garlos,garlo's,4.0,4.0,$2.00 per 100G,$2.00 / 100G
Garlo's Satay Chicken Pie 200g,Garlos,garlo's,4.5,4.5,$2.25 per 100G,$2.25 / 100G
Garlo's Spinach & Fetta Roll 180g,Garlos,garlo's,4.0,4.0,$2.22 per 100G,$2.22 / 100G
Gippsland Dairy Twist Blueberry Yoghurt 720g,Gippsland Dairy,gippsland,5.5,7.0,$0.76 per 100G,$0.97 / 100G
Gippsland Dairy Twist Passionfruit Yoghurt 720g,Gippsland Dairy,gippsland,5.5,7.0,$0.76 per 100G,$0.97 / 100G
Gippsland Dairy Twist Smooth & Creamy Plain Yoghurt 720g,Gippsland Dairy,gippsland,5.5,7.0,$0.76 per 100G,$0.97 / 100G
Gippsland Twist Mango & Blood Orange Yoghurt 160g,Gippsland Dairy,gippsland,2.5,2.0,$1.56 per 100G,$1.25 / 100G
Gippsland Twist Mango & Blood Orange Yoghurt 720g,Gippsland Dairy,gippsland,5.5,7.0,$0.76 per 100G,$0.97 / 100G
Gippsland Twist Toffee Honeycomb Yoghurt 160g,Gippsland Dairy,gippsland,2.5,2.0,$1.56 per 100G,$1.25 / 100G
Gippsland Twist Watermelon & Strawberry Yoghurt 160g,Gippsland Dairy,gippsland,2.5,2.0,$1.56 per 100G,$1.25 / 100G
Glad To Be Green 95% Recycled Kitchen Tidy Bags Medium 28 pack,Glad To Be,glad,3.6,4.5,,$0.16 / 1EA
Glad To Be Green 95% Recycled Kitchen Tidy Bags Small 34 pack,Glad To Be,glad,3.6,4.5,,$0.13 / 1EA
Gold Medal Snacks Pork Krackles Chilli 50g,Gold Medal,gold medal snacks,2.15,2.15,$4.30 per 100G,$4.30 / 100G
Golden Crumpet Toast 700g,Tip Top,golden,5.0,2.5,$0.71 per 100G,$0.36 / 100G
Green & Black's Organic Dark Chocolate 70% Cocoa 90g,Green & Blacks,green & black's,3.0,4.25,$3.33 per 100G,$4.72 / 100G
Green Leaf Natural Dates 250g,Greenleaf,green leaf,1.6,2.5,$0.64 per 100G,$1.00 / 100G
Green's Cake Mix Traditional Vanilla 470g,Greens,green's,2.75,2.75,$0.59 per 100G,$0.59 / 100G
Green's Trolls Learn To Bake Vanilla Cupcake Mix 280g,Greens,green's,3.2,4.0,$1.14 per 100G,$1.43 / 100G
Haagen-dazs Cookie Dough Chip Ice Cream Tub 457mL,Haagen Dazs,haagen-dazs,7.0,11.5,$1.53 per 100mL,$2.52 / 100ML
Hadar Snacks Biscuits Sandwich Tirosh 175g,Haddar,hadar,3.25,3.5,$1.86 per 100G,$2.00 / 100G
Head &amp; Shoulders Supreme Moisture Conditioner 550mL,Head & Shoulders,head &amp; shoulders,9.5,13.3,$1.73 per 100mL,$2.42 / 100ML
Heinz Baked Beans No Added Sugar 220g,Heinz Beanz,heinz,1.65,1.65,$0.75 per 100G,$0.75 / 100G
Helga's Mixed Grain Mini Loaf 415g,Helgas,helga's,2.9,2.9,$0.70 per 100G,$0.70 / 100G
Helga's Traditional Wholemeal Mini Loaf 360g,Helgas,helga's,2.9,2.9,$0.81 per 100G,$0.81 / 100G
Herron Nicaway Nicotine Lozenges 2mg 72 pack,Herron Nicaway,herron,20.0,20.0,$0.28 per 1Ea,$27.78 / 100EA
Herron Nicaway Nicotine Lozenges 4mg 72 pack,Herron Nicaway,herron,20.0,20.0,$0.28 per 1Ea,$27.78 / 100EA
Hoyt's Basil 15g,Hoyts,hoyt's,1.8,1.8,$1.20 per 10G,$1.20 / 10G
Hoyt's Bay Leaves 15g,Hoyts,hoyt's,1.4,1.4,$0.93 per 10G,$0.93 / 10G
Hoyt's Caraway Seeds 15g,Hoyts,hoyt's,1.5,1.5,$1.00 per 10G,$1.00 / 10G
Hoyt's Cardamom Pods 10g,Hoyts,hoyt's,2.6,2.6,$2.60 per 10G,$2.60 / 10G
Hoyt's Chilli Dried Crushed 100g,Hoyts,hoyt's,4.0,4.5,$0.40 per 10G,$0.45 / 10G
Hoyt's Chilli Powder 50g,Hoyts,hoyt's,1.6,1.45,$0.32 per 10G,$0.29 / 10G
Hoyt's Chives 15g,Hoyts,hoyt's,2.0,1.85,$1.33 per 10G,$1.23 / 10G
Hoyt's Cinnamon Sticks 15g,Hoyts,hoyt's,2.95,3.0,$1.97 per 10G,$2.00 / 10G
Hoyt's Cinnamon Sticks 45g,Hoyts,hoyt's,5.1,5.09,$1.13 per 10G,$1.13 / 10G
Hoyt's Cloves Whole 15g,Hoyts,hoyt's,1.8,1.8,$1.20 per 10G,$1.20 / 10G
Hoyt's Coriander Ground 25g,Hoyts,hoyt's,1.6,1.6,$0.64 per 10G,$0.64 / 10G
Hoyt's Coriander Seed Whole 25g,Hoyts,hoyt's,1.3,1.3,$0.52 per 10G,$0.52 / 10G
Hoyt's Cumin Ground 25g,Hoyts,hoyt's,1.95,1.95,$0.78 per 10G,$0.78 / 10G
Hoyt's Cumin Seeds Whole 25g,Hoyts,hoyt's,1.85,1.85,$0.74 per 10G,$0.74 / 10G
Hoyt's Curry Powder Mild 50g,Hoyts,hoyt's,1.95,1.8,$0.39 per 10G,$0.36 / 10G
Hoyt's Garam Masala 25g,Hoyts,hoyt's,2.1,1.9,$0.84 per 10G,$0.76 / 10G
Hoyt's Garlic Powder 25g,Hoyts,hoyt's,1.3,1.3,$0.52 per 10G,$0.52 / 10G
Hoyt's Italian Herb Mix 140g,Hoyts,hoyt's,4.5,5.0,$0.32 per 10G,$0.36 / 10G
Hoyt's Italian Herb Mix 35g,Hoyts,hoyt's,2.6,2.6,$0.74 per 10G,$0.74 / 10G
Hoyt's Mixed Herbs 25g,Hoyts,hoyt's,1.6,1.6,$0.64 per 10G,$0.64 / 10G
Hoyt's Mixed Herbs 70g,Hoyts,hoyt's,3.1,3.15,$0.44 per 10G,$0.45 / 10G
Hoyt's Mixed Spice 25g,Hoyts,hoyt's,1.45,1.45,$0.58 per 10G,$0.58 / 10G
Hoyt's Mustard Seed 25g,Hoyts,hoyt's,1.3,1.3,$0.52 per 10G,$0.52 / 10G
Hoyt's Nutmeg Ground 25g,Hoyts,hoyt's,2.0,1.85,$0.80 per 10G,$0.74 / 10G
Hoyt's Oregano 25g,Hoyts,hoyt's,1.65,1.65,$0.66 per 10G,$0.66 / 10G
Hoyt's Oregano 60g,Hoyts,hoyt's,2.75,2.73,$0.46 per 10G,$0.46 / 10G
Hoyt's Paprika Sweet 190g,Hoyts,hoyt's,3.4,3.8,$0.18 per 10G,$0.20 / 10G
Hoyt's Parsley 15g,Hoyts,hoyt's,1.75,1.6,$1.17 per 10G,$1.07 / 10G
Hoyt's Pepper Black Whole 100g,Hoyts,hoyt's,4.25,4.3,$0.43 per 10G,$0.43 / 10G
Hoyt's Pepper Four Colour Mix 50g,Hoyts,hoyt's,3.9,3.9,$7.80 per 100G,$0.78 / 10G
Hoyt's Pine Nuts 25g,Hoyts,hoyt's,3.2,3.2,$1.28 per 10G,$1.28 / 10G
Hoyt's Poppy Seed 100g,Hoyts,hoyt's,1.85,1.85,$0.19 per 10G,$0.19 / 10G
Hoyt's Poppy Seed 240g,Hoyts,hoyt's,4.2,4.25,$0.18 per 10G,$0.18 / 10G
Hoyt's Rosemary 25g,Hoyts,hoyt's,1.4,1.25,$0.56 per 10G,$0.50 / 10G
Hoyt's Sesame Seeds 100g,Hoyts,hoyt's,2.5,2.5,$0.25 per 10G,$0.25 / 10G
Hoyt's Sesame Seeds Jar 230g,Hoyts,hoyt's,4.45,4.5,$0.19 per 10G,$0.20 / 10G
Hoyt's Thyme 15g,Hoyts,hoyt's,1.3,1.3,$0.87 per 10G,$0.87 / 10G
Hoyt's Turmeric 25g,Hoyts,hoyt's,1.5,1.5,$0.60 per 10G,$0.60 / 10G
Hoyt's Vanilla Sugar 25g,Hoyts,hoyt's,1.15,1.15,$0.46 per 10G,$0.46 / 10G
Hubba Bubba Seriously Strawberry Bubble Gum Tape 56g,Wrigley's,hubba bubba,2.4,2.4,$4.29 per 100G,$4.29 / 100G
I & J Salt & Pepper Squid 360g,KB,i & j,9.5,7.0,$26.39 per 1Kg,$19.44 / 1KG
Ichiban Noodle Bowl Roast Beef 150g,Wei Lih Ichiban,ichiban,4.4,3.5,$2.93 per 100G,$2.33 / 100G
Ichiban Noodle Bowl Roast Pork 150g,Wei Lih Ichiban,ichiban,4.4,3.5,$2.93 per 100G,$2.33 / 100G
Indomie Chitato Mi Goreng Chips 55g,Indomie Chitato,indomie,1.85,1.85,$3.36 per 100G,$3.36 / 100G
J Crackleton Pork Crackle Maple Bacon 40g,J Crackleton Pork,j crackleton,1.44,1.8,$3.60 per 100G,$45.00 / 1KG
Jacobs Jaffa Cakes 147g,Jacob's,jacobs,4.0,4.0,$2.72 per 100G,$2.72 / 100G
Jacobs Snacks Original Twiglets 45g,Jacob's,jacobs,1.8,2.15,$4.00 per 100G,$4.78 / 100G
Johnson's Baby Oil With Aloe Vera & Vitamin E 500mL,Johnson & Johnson,johnson's,9.5,9.5,$1.90 per 100mL,$1.90 / 100ML
Johnson's Baby Wash Bedtime Bath 500mL,Johnson & Johnson,johnson's,9.5,9.5,$1.90 per 100mL,$1.90 / 100ML
Johnson's Baby Wash Top To Toe Bath 500mL,Johnson & Johnson,johnson's,8.99,9.5,$1.80 per 100mL,$1.90 / 100ML
Johnson's Bath Milk & Rice 500mL,Johnson,johnson's,9.5,9.5,$1.90 per 100mL,$1.90 / 100ML
Karicare 1 Baby Infant Formula From Birth To 6 Months 900g,Karicare+,karicare,18.0,18.0,$2.00 per 100G,$2.00 / 100G
Karicare 2 Baby Follow-on Formula From 6 To 12 Months 900g,Karicare+,karicare,18.0,18.0,$2.00 per 100G,$2.00 / 100G
Karicare 3 Toddler Milk Drink Formula From 12+ Months 900g,Karicare+,karicare,17.0,15.0,$1.89 per 100G,$1.67 / 100G
Karicare 4 Toddler Milk Drink Formula From 2+ Years 900g,Karicare+,karicare,17.0,15.0,$1.89 per 100G,$1.67 / 100G
Kez's Gluten Free Princetons Chocolate Cream 125g,Kez's Kitchen,kez's,7.0,4.2,$5.60 per 100G,$3.36 / 100G
Ki Bulgarian Sheep Cheese 400g,Kebia,,8.0,7.0,$20.00 per 1Kg,$17.50 / 1KG
King Island Cape Wickham Double Brie Cheese 200g,King Island Dairy,king island,12.6,12.6,$63.00 per 1Kg,$63.00 / 1KG
King Island Phoques Cove Camembert Cheese 200g,King Island Dairy,king island,12.6,12.6,$6.30 per 100G,$63.00 / 1KG
Kong Foo Sing Snacks Fortune Cookies 100g,Kong Foo Sing,kong foo,4.5,4.5,$4.50 per 100G,$4.50 / 100G
Kook A Krumb Panko Breadcrumbs 190g,Kooka A Krumb,kook a krumb,3.0,3.0,$0.16 per 10G,$0.16 / 10G
Krummies Breadcrumbs 375g,Tip Top,krummies,3.0,3.0,$0.08 per 10G,$0.08 / 10G
La Casa Del Formaggio Bambini Bocconcini 220g,La Casa Del Formaggio,la casa,5.5,5.5,$25.00 per 1Kg,$25.00 / 1KG
Latina Fresh Beef Ravioli 375g,Latina,latina fresh,4.0,6.5,$1.07 per 100G,$1.73 / 100G
Latina Fresh Beef Ravioli 625g,Latina,latina fresh,8.0,6.0,$1.28 per 100G,$0.96 / 100G
Latina Fresh Creamy Carbonara Pasta Sauce 425g,Latina,latina fresh,6.0,4.0,$1.41 per 100G,$0.94 / 100G
Latina Fresh Creamy Sundried Tomato Pasta Sauce 425g,Latina,latina fresh,6.0,4.0,$1.41 per 100G,$0.94 / 100G
Latina Fresh Egg Fettuccine 375g,Latina,latina fresh,3.5,5.0,$0.93 per 100G,$1.33 / 100G
Latina Fresh Gluten Free Beef Ravioli 280g,Latina,latina fresh,7.5,7.5,$2.68 per 100G,$2.68 / 100G
Latina Fresh Gluten Free Lasagne Sheets 280g,Latina,latina fresh,7.0,7.0,$2.50 per 100G,$2.50 / 100G
Latina Fresh Italian Tomato & Garlic Pasta Sauce 425g,Latina,latina fresh,6.0,4.0,$1.41 per 100G,$0.94 / 100G
Latina Fresh Kids Mini Ravioli Beef & Vegetable 200g,Latina,latina fresh,4.5,4.5,$2.25 per 100G,$2.25 / 100G
Latina Fresh Lasagne Sheets 375g,Latina,latina fresh,3.5,5.0,$0.93 per 100G,$1.33 / 100G
Latina Fresh Roast Chicken & Garlic Ravioli 625g,Latina,latina fresh,8.0,6.0,$1.28 per 100G,$0.96 / 100G
Latina Fresh Spinach & Ricotta Agnolotti 375g,Latina,latina fresh,4.0,6.5,$1.07 per 100G,$1.73 / 100G
Latina Fresh Spinach & Ricotta Agnolotti 625g,Latina,latina fresh,8.0,6.0,$1.28 per 100G,$0.96 / 100G
Latina Fresh Veal Tortellini 625g,Latina,latina fresh,8.0,6.0,$1.28 per 100G,$0.96 / 100G
Leggos Passata Sauce Italian Herbs 700g,Leggo's,leggos,2.8,3.2,$0.40 per 100G,$0.46 / 100G
Leggos Pasta Bake Creamy Tomato & Mozzarella 500g,Leggo's,leggos,3.0,3.0,$0.60 per 100G,$0.60 / 100G
Leggos Pasta Bake Tomato Ricotta & Spinach 500g,Leggo's,leggos,3.0,3.0,$0.60 per 100G,$0.60 / 100G
Leggos Pasta Sauce Bolognese Bacon 500g,Leggo's,leggos,3.3,3.0,$0.66 per 100G,$0.60 / 100G
Leggos Pasta Sauce Bolognese With Chunky Tomato Garlic & Herbs 500g,Leggo's,leggos,3.3,3.0,$0.66 per 100G,$0.60 / 100G
Leggos Pasta Sauce Carbonara 490g,Leggo's,leggos,3.3,3.0,$0.67 per 100G,$0.61 / 100G
Leggos Pesto Sundried Tomato 190g,Leggo's,leggos,3.0,4.6,$1.58 per 100G,$2.42 / 100G
Leggos Pesto Traditional Basil 190g,Leggo's,leggos,3.0,4.6,$1.58 per 100G,$2.42 / 100G
Leggos Stir Through Tomato Garlic & Caramelised Onion 350g,Leggo's,leggos,3.0,4.0,$0.86 per 100G,$1.14 / 100G
Leggos Tomato Paste 500g,Leggo's,leggos,4.0,4.0,$0.80 per 100G,$0.80 / 100G
Leggos Tomato Paste No Added Salt Sachets 200g,Leggo's,leggos,2.3,2.3,$1.15 per 100G,$1.15 / 100G
Leggos Tomato Paste Squeeze 400g,Leggo's,leggos,3.4,3.85,$0.85 per 100G,$0.96 / 100G
Leggos Tomato Puree 410g,Leggo's,leggos,1.8,1.8,$0.44 per 100G,$0.44 / 100G
Lenny & Larry The Complete Cookie Chocolate Chip 113g,Lenny And Larry's,lenny & larry,4.5,4.5,$3.98 per 100G,$3.98 / 100G
Lenny & Larry The Complete Cookie White Chocolaty Macadamia 113g,Lenny And Larry's,lenny & larry,4.5,4.5,$3.98 per 100G,$3.98 / 100G
Life Space Broad Spectrum Probiotic 40 pack,Life-Space,life space,27.0,22.0,$0.68 per 1Ea,$55.00 / 100EA
Life Space Probiotic For 60+ Years 40 pack,Life-Space,life space,27.0,22.0,$0.68 per 1Ea,$55.00 / 100EA
Lindt Lindor Double Chocolate Bag 123g,Lindor,lindt,6.0,6.0,$4.88 per 100G,$4.88 / 100G
Lindt Pralines Master Collection 184g,Pralines,lindt,20.0,15.0,$10.87 per 100G,$8.15 / 100G
Love'em Beef Jerky With Tomato Dog Treats 200g,Love' Em,love'em,4.0,5.0,$2.00 per 100G,$2.50 / 100G
Love'em Beef Liver Dog Treats 200g,Love' Em,love'em,9.5,8.0,$4.75 per 100G,$4.00 / 100G
Love'em Beef Straps Dog Treats 150g,Love' Em,love'em,3.0,3.0,$2.00 per 100G,$2.00 / 100G
Love'em Lamb Jerky With Rosemary Dog Treats ,Love' Em,love'em,4.0,5.0,$2.00 per 100G,$2.50 / 100G
Love'em Puppy Rewards Dog Treats 200g,Love' Em,love'em,5.0,6.0,$2.50 per 100G,$3.00 / 100G
Lovitt's Whistler Lorikeet Bars Tropical Fruit 100g,Whistler,lovitt's,3.5,3.5,$3.50 per 100G,$3.50 / 100G
Luv-a-duck Fresh Duck Breast Fillets 380g,Luv A Duck,luv-a-duck,14.0,14.0,$36.84 per 1Kg,$36.84 / 1KG
Luv-a-duck Peking Duck Pancake Kit 560g,Luv A Duck,luv-a-duck,14.5,17.5,$2.59 per 100G,$31.25 / 1KG
M&m's Pretzel 130g,Mars,m&m's,3.0,2.25,$2.31 per 100G,$1.73 / 100G
Magnum Tub Ice Cream Classic 440mL,Streets,magnum,9.0,9.0,$2.05 per 100mL,$2.05 / 100ML
Magnum Tub Ice Cream White 440mL,Streets,magnum,9.0,9.0,$2.05 per 100mL,$2.05 / 100ML
Maltesers Dark Chocolate 135g,Mars,maltesers,3.0,2.25,$2.22 per 100G,$1.67 / 100G
Marie Claire Magazine each,Magazine,marie claire,8.99,8.99,$8.99 per 1Ea,
Mary Mack's Instant Batter Mix 150g,Mary Macks,mary mack's,2.5,2.5,$0.17 per 10G,$0.17 / 10G
Maui Moisture Hibiscus Water Conditioner 385mL,Maui,maui moisture,22.0,22.0,$5.71 per 100mL,$5.71 / 100ML
Maui Moisture Hibiscus Water Shampoo 385mL,Maui,maui moisture,22.0,22.0,$5.71 per 100mL,$5.71 / 100ML
Mayver's Extra Crunchy Peanut Butter 375g,Mayvers,mayver's,5.0,4.0,$1.33 per 100G,$1.07 / 100G
Mayver's Hulled Tahini Spread 385g,Mayvers,mayver's,5.3,5.3,$1.38 per 100G,$1.38 / 100G
Mayver's Smunchy Protein Plus 5 Seeds Peanut Butter 375g,Mayvers,mayver's,5.5,4.5,$1.47 per 100G,$1.20 / 100G
Mayver's Smunchy Protein Plus Hemp Seed Peanut Butter 375g,Mayvers,mayver's,5.5,4.5,$1.47 per 100G,$1.20 / 100G
Mayver's Smunchy Skin On Peanut Butter 375g,Mayvers,mayver's,5.0,4.0,$1.33 per 100G,$1.07 / 100G
Mccormicks Grill Mates Smokin Texas Bbq Rub 40g,McCormick,mccormicks,2.0,1.5,$0.50 per 10G,$0.38 / 10G
Mccormicks Grill Mates Tennessee Smokehouse Bbq Rub 40g,McCormick,mccormicks,2.0,1.5,$0.50 per 10G,$0.38 / 10G
Mojo Hair Defining Paste 62g,Mojo,mojo hair,17.5,14.0,$27.34 per 100G,$22.58 / 100G
Monini Organic Extra Virgin Olive Oil 500mL,Moro Organico,monini,10.0,8.0,$2.00 per 100mL,$1.60 / 100ML
Moondarra Cream Cheese Honey & Pistachio 120g,Moondarra,,2.4,2.5,$2.00 per 100G,$20.83 / 1KG
Mount Franklin Lightly Sparkling Passionfruit 375mL x10 pack,Mt Franklin,mount franklin,13.75,7.9,$3.67 per 1L,$21.07 / 1L
Mrs H.s.ball's Chutney Original 470g,Mrs H S Balls,mrs h.s.ball's,5.0,5.0,$1.06 per 100G,$10.64 / 1KG
Mrs H.s.ball's Chutney Peach 470g,Mrs H S Balls,mrs h.s.ball's,5.0,5.0,$1.06 per 100G,$10.64 / 1KG
Mrs Macs Microwave Beef Pie 175g,Mrs Mac's,mrs macs,2.5,2.5,$1.43 per 100G,$1.43 / 100G
Mum Dry Anti Perspirant Deodorant Dry Active All Day 50mL,Mum Dry,mum,3.0,2.5,$6.00 per 100mL,$5.00 / 100ML
Nad's Natural Sugar Wax Kit 370g,Nads,nad's,15.0,15.0,$4.05 per 100G,$4.05 / 100G
Nature's Gift Adult Dog Food Gourmet Loaf Style Kangaroo Fillet Recipe 100g,Natures Gift,nature's gift,1.0,1.0,$1.00 per 100G,$1.00 / 100G
Natures Organics Fruits Conditioner Restore Coconut Lime 500mL,Nature's Organics,natures organics,1.9,1.9,$0.38 per 100mL,$0.38 / 100ML
Natures Organics Fruits Conditioner Shine Wild Berry 500mL,Nature's Organics,natures organics,1.9,1.9,$0.38 per 100mL,$0.38 / 100ML
Natures Organics Fruits Shampoo Restore Coconut Lime 500mL,Nature's Organics,natures organics,1.9,1.9,$0.38 per 100mL,$0.38 / 100ML
Natures Organics Fruits Shampoo Shine Wild Berry 500mL,Nature's Organics,natures organics,1.9,1.9,$0.38 per 100mL,$0.38 / 100ML
Nestle Soothers Throat Lozenges Liquid Centre Lemon Lime 10 pack,Soothers,nestle,2.2,2.0,$4.40 per 100G,$0.20 / 1EA
Nestle Uncle Tobys Muesli Bars Yoghurt & Honeycomb 185g,Uncle Tobys,nestle,2.15,4.3,$1.16 per 100G,$2.32 / 100G
New Idea Magazine each,Magazine,new idea,5.2,5.2,$5.20 per 1Ea,
No-doz Plus 24 tabLets,No Doz,no-doz,6.3,6.3,$0.26 per 1Ea,$0.26 / 1EA
Nong Shim Neoguri Noodle Soup Seafood & Spicy 120g,Nongshim,nong shim,1.8,1.85,$1.50 per 100G,$15.42 / 1KG
Olina's Gluten Free Cranberry Pumpkin Cracker 100g,Olina's Bakehouse,olina's,5.0,5.0,$5.00 per 100G,$5.00 / 100G
Olina's Lavosh Crackers Natural 100g,Olinas,olina's,4.0,3.5,$4.00 per 100G,$3.50 / 100G
Olina's Lavosh Crackers Rosemary & Sea Salt 100g,Olinas,olina's,4.0,3.5,$4.00 per 100G,$3.50 / 100G
Oral-b Gum Care & Bacteria Defence Mint Toothpaste 110g,Oral B,oral-b,10.0,7.0,$9.09 per 100G,$6.36 / 100G
Oral-b Gum Care & Intensive Clean Peppermint Toothpaste 110g,Oral B,oral-b,10.0,7.0,$9.09 per 100G,$6.36 / 100G
Oral-b Pro 100 Floss Action Electric Toothbrush each,Oral B,oral-b,70.0,70.0,$70.00 per 1Ea,$70.00 / 1EA
Oral-b Pro-health Advanced All Around Protection Toothpaste 110g,Oral B,oral-b,2.5,3.5,$2.27 per 100G,$3.18 / 100G
Oral-b Pro-health Advanced Gum Protect Toothpaste 110g,Oral B,oral-b,2.5,3.5,$2.27 per 100G,$3.18 / 100G
Oral-b Sensitivity & Gum All Day Protection Toothpaste Mint 90g,Oral B,oral-b,10.0,8.0,$11.11 per 100G,$8.89 / 100G
Oral-b Sensitivity & Gum Extra Fresh Breath Toothpaste Soft Mint 90g,Oral B,oral-b,10.0,8.0,$11.11 per 100G,$8.89 / 100G
Oxfam Fair Organic Fair Trade Ground World Blend Coffee 250g,Oxfam,oxfam fair,9.0,9.0,$3.60 per 100G,$3.60 / 100G
Paldo Dosirac Beef Noodles 86g,Paldo Dosirac,paldo,1.6,2.0,$1.86 per 100G,$2.33 / 100G
Pana Organic Hazelnut & Chocolate Spread 200g,Pana Organic,pana,9.0,7.0,$4.50 per 100G,$3.50 / 100G
Pana Organic Mint Chocolate 45g,Pana Organic,pana,6.0,4.8,$13.33 per 100G,$10.67 / 100G
Pana Organic Salted Caramel Dairy Free Ice Cream 475mL,Pana Organic,pana,11.0,11.0,$2.32 per 100mL,$2.32 / 100ML
Papa Giuseppi's Panini Tomato & Cheese 250g 2 pack,Dr.Oetker,papa giuseppi's,3.0,2.5,$1.20 per 100G,$1.00 / 100G
Papermate Kilometrico Pen Black 10 pack,Paper Mate,papermate,4.5,4.5,$0.45 per 1Ea,
Papermate Kilometrico Pen Blue 10 pack,Paper Mate,papermate,4.5,4.5,$0.45 per 1Ea,
Papermate Profile Pen Black 2 pack,Paper Mate,papermate,5.2,3.64,,$1.82 / 1EA
Papermate Profile Pen Blue 2 pack,Paper Mate,papermate,5.2,3.64,,$1.82 / 1EA
Passage To India Veg Curry Bowl Butter Masala With Rice 280g,Passage To India,passage to,5.5,5.5,$1.96 per 100G,$1.96 / 100G
Paul Newman's Dressings Creamy Caesar 250mL,Paul Newman's Own,paul newman's,4.0,4.0,$1.60 per 100mL,$1.60 / 100ML
Paul Newman's Dressings Ranch 250mL,Paul Newman's Own,paul newman's,4.0,4.0,$1.60 per 100mL,$1.60 / 100ML
Pepsi Max Creaming Soda Bottle 1.25L,Pepsi Max,pepsi,1.3,2.35,$1.04 per 1L,$1.88 / 1L
Phillips Avent Teats 6 Months+ Fast Flow 2 pack,Avent,phillips,10.0,10.0,$5.00 per 1Ea,$5.00 / 1EA
Pocky Strawberry Value Pack 8 pack,Glico Pocky,pocky,6.0,6.0,$3.57 per 100G,$3.57 / 100G
Prime Pantry Chicken Jerky Dog Treat 100g,Prime,prime pantry,5.45,5.0,$5.45 per 100G,$5.00 / 100G
Prime Pantry Kangaroo Jerky Dog Treat 100g,Prime,prime pantry,5.45,5.0,$5.45 per 100G,$5.00 / 100G
Provoke Touch Of Silver Toning Treatment Purple Mask 200mL,Provoke,provoke touch of silver,13.0,13.0,$6.50 per 100mL,$6.50 / 100ML
Queen Diamond Dates Pitted 250g,Queen's Diamond,queen diamond,2.2,1.1,$0.88 per 100G,$0.44 / 100G
Red Bull Winter Edition Glacier Ice 250mL,Red  Bull,red bull,3.0,3.0,$12.00 per 1L,$12.00 / 1L
Rosella Aristocrat Onions Cocktail Green 150g,Aristocrat,rosella,2.0,2.15,$13.33 per 1Kg,$14.33 / 1KG
S&b Curry Mix Golden Medium Hot 92g,S & B,s&b,4.5,4.5,$4.89 per 100G,$4.89 / 100G
S&b Golden Curry Mix Hot 92g,S & B,s&b,4.5,4.5,$4.89 per 100G,$4.89 / 100G
Sard Wonder Stain Remover Stick 100g,Sard,sard wonder,5.0,5.0,$50.00 per 1Kg,$50.00 / 1KG
Sard Wonder Super Power Soaker 900g,Sard,sard wonder,7.0,5.0,$0.78 per 100G,$5.56 / 1KG
Sealord Hoki Fillets Classic Crumb 480g,Sealord Hoki,sealord,9.5,7.5,$19.79 per 1Kg,$15.63 / 1KG
Sealord Hoki Fillets Lemon Pepper 480g,Sealord Hoki,sealord,9.5,7.5,$19.79 per 1Kg,$15.63 / 1KG
Sealord Hoki Fillets Tempura Battered 450g,Sealord Hoki,sealord,9.5,7.5,$21.11 per 1Kg,$16.67 / 1KG
Second House Mohalabiah Mix 200g,Second House Products,second house,3.0,2.8,$1.50 per 100G,$1.40 / 100G
Smith's Crinkle Cut Potato Chips Chicken 60g,Smiths,smith's,2.1,2.1,$3.50 per 100G,$3.50 / 100G
Smith's Crinkle Cut Tasty Cheese 150g,Smiths,smith's,3.5,1.75,$2.33 per 100G,$1.17 / 100G
Snickers Pods Chocolate Medium Bag 160g,Mars,snickers,3.0,2.25,$1.88 per 100G,$1.41 / 100G
Sniders Carmel Egg Noodles No 1 250g,Snider,sniders,2.85,3.65,$1.14 per 100G,$1.46 / 100G
Solo Mutti Cherry Tomatoes 400g,Mutti,solo,1.6,2.1,$4.00 per 1Kg,$5.25 / 1KG
Squid Brand Fish Sauce 300mL,Squid,squid brand,1.6,2.0,$0.53 per 100mL,$0.67 / 100ML
St.dalfour Strawberry Spread 284g,St Dalfour,st.dalfour,3.0,4.5,$1.06 per 100G,$1.58 / 100G
St.dalfour Thick Apricot Spread 284g,St Dalfour,st.dalfour,3.0,4.5,$1.06 per 100G,$1.58 / 100G
St.dalfour Wild Blueberry Spread 284g,St Dalfour,st.dalfour,3.0,4.5,$1.06 per 100G,$1.58 / 100G
Stagg Chili Southwest Style Chicken With Beans 425g,Stagg Chili,stagg,3.2,4.0,$0.75 per 100G,$0.94 / 100G
Stagg Dynamite Hot Chili With Beans 425g,Stagg Chili,stagg,3.2,4.0,$0.75 per 100G,$0.94 / 100G
Starbucks By Nespresso Blonde Espresso Roast Coffee Pods 10 pack,Starbucks,starbucks by nespresso,6.9,5.0,$0.69 per 1Ea,$0.50 / 1EA
Starbucks By Nespresso Single Origin Colombia Coffee Pods 10 pack,Starbucks,starbucks by nespresso,6.9,5.0,$0.69 per 1Ea,$0.50 / 1EA
Starbucks By Nespresso Single Origin Sumatra Coffee Pods 10 pack,Starbucks,starbucks by nespresso,6.9,5.0,$0.69 per 1Ea,$0.50 / 1EA
Stevia Sweet Granulated Jar 75g,Stevia Sweet,stevia,6.5,6.5,$8.67 per 100G,$8.67 / 100G
Streets Blue Ribbon Classic Chocolate Ice Cream 2L,Blue Ribbon,streets,4.9,4.9,$0.25 per 100mL,$0.25 / 100ML
Streets Blue Ribbon Light Vanilla Ice Cream 2L,Blue Ribbon,streets,4.9,4.9,$0.25 per 100mL,$0.25 / 100ML
Strepfen Intensive Throat Lozenges Honey & Lemon 16 pack,Strephen,strepfen,10.0,10.0,$0.63 per 1Ea,$0.63 / 1EA
Strepfen Intensive Throat Lozenges Sugar Free Orange 16 pack,Strephen,strepfen,10.0,10.0,$0.63 per 1Ea,$0.63 / 1EA
Sunbites Grain Waves Caramelised Onion & Balsamic 170g,Grain Waves Caramelised,sunbites,1.75,2.5,$1.03 per 100G,$1.47 / 100G
Suntory Boss Coffee Iced Latte 237mL,Boss,suntory,3.65,3.65,$15.40 per 1L,$15.40 / 1L
Suntory Boss Coffee Iced Long Black 237mL,Boss,suntory,3.65,3.65,$15.40 per 1L,$15.40 / 1L
Supercoat Adult True Origin Grain Free Chicken Dry Dog Food 2.5kg,Purina,supercoat,16.0,16.0,$6.40 per 1Kg,$0.64 / 100G
T.n. Dickinson's Toners Witch Hazel 240mL,T.N Dickinson's,t.n. dickinson's,7.0,7.0,$2.92 per 100mL,$2.92 / 100ML
Take 5 Magazine each,Magazine,take 5,3.9,3.9,$3.90 per 1Ea,
Tayto Cheese & Onion Crisps 45g,Tayto,,2.25,2.25,,$5.00 / 100G
Thankyou. Body Wash - Botanical Geranium & Rosewood 1L,Thankyou,thankyou.,9.1,13.0,$0.91 per 100mL,$1.30 / 100ML
Thankyou. Body Wash - Botanical Geranium & Rosewood 500mL,Thankyou,thankyou.,5.6,8.0,$1.12 per 100mL,$1.60 / 100ML
Thankyou. Body Wash Botanical Cedarwood 1L,Thankyou,thankyou.,9.1,13.0,$9.10 per 1L,$1.30 / 100ML
Thankyou. Body Wash Botanical Cedarwood 500mL,Thankyou,thankyou.,5.6,8.0,$1.12 per 100mL,$1.60 / 100ML
Thankyou. Botanical Mint & Spring Flowers Body Wash 1L,Thankyou,thankyou.,9.1,13.0,$0.91 per 100mL,$1.30 / 100ML
Thankyou. Milk Body Wash - Botanical Lemon Myrtle & Goat's Milk 1L,Thankyou,thankyou.,9.1,13.0,$9.10 per 1L,$1.30 / 100ML
Thankyou. Milk Hand Wash Botanical Lemon Myrtle & Goat's Milk 500mL,Thankyou,thankyou.,5.25,7.5,$1.05 per 100mL,$1.50 / 100ML
Thankyou. Sanitiser Hand & Surface Antibacterial Grapefruit 50mL,Thankyou,thankyou.,3.5,5.0,$7.00 per 100mL,$10.00 / 100ML
Thankyou. Soothing Body Bar With Oat Milk 100g,Thank You,thankyou.,2.45,3.5,$2.45 per 100G,$3.50 / 100G
The Chia Co. Chia Black Seeds 500g,The Chia Co,the chia co.,10.0,10.0,$2.00 per 100G,$2.00 / 100G
The Happy Snack Company Fav-va Beans Lightly Salted 6x25g,Happy Snack Company,the happy snack company,4.2,5.3,$2.80 per 100G,$3.53 / 100G
The Happy Snack Company Kids Fav-va Beans Pizza 10x15g,Happy Snack Company,the happy snack company,4.2,5.3,$2.80 per 100G,$3.53 / 100G
The Happy Snack Company Roasted Chickpeas Chocolate Salted Caramel 150g,Happy Snack Company,the happy snack company,5.2,6.5,$3.47 per 100G,$4.33 / 100G
The Natural Chip Co. Lentil Craves Sour Cream & Chives 100g,Natural Chip Co Chips,the natural chip co.,1.75,3.5,$1.75 per 100G,$3.50 / 100G
The Natural Confectionery Co. Berry Bliss Lollies 200g,The Natural Confectionary Co.,the natural confectionery co.,2.0,3.0,$1.00 per 100G,$1.50 / 100G
The Natural Confectionery Co. Fruit Basket Reduced Sugar Lollies 220g,The Natural Confectionary Co.,the natural confectionery co.,2.0,3.0,$0.91 per 100G,$1.36 / 100G
The Natural Confectionery Co. Party Mix Lollies 240g,The Natural Confectionary Co.,the natural confectionery co.,2.0,3.0,$0.83 per 100G,$1.25 / 100G
The Natural Confectionery Co. Party Mix Lollies 520g,The Natural Confectionary Co.,the natural confectionery co.,5.0,5.0,$0.96 per 100G,$0.96 / 100G
The Natural Confectionery Co. Smoothie Chews 220g bag,The Natural Confectionary Co.,the natural confectionery co.,2.0,3.0,$0.91 per 100G,$1.36 / 100G
The Natural Confectionery Co. Snakes Lollies 260g,The Natural Confectionary Co.,the natural confectionery co.,2.0,3.0,$0.77 per 100G,$1.15 / 100G
The Natural Confectionery Co. Snakes Lollies 520g,The Natural Confectionary Co.,the natural confectionery co.,5.0,5.0,$0.96 per 100G,$0.96 / 100G
The Natural Confectionery Co. Soft Jellies Fruit Salad Lollies 240g,The Natural Confectionary Co.,the natural confectionery co.,2.0,3.0,$0.83 per 100G,$1.25 / 100G
The Natural Confectionery Co. Sour Squirms Lollies 240g,The Natural Confectionary Co.,the natural confectionery co.,2.0,3.0,$0.83 per 100G,$1.25 / 100G
The Natural Cracker Co. Roast Chicken Crispy Crackers 160g,The Natural Cracker Co,the natural cracker co.,1.75,3.5,$1.09 per 100G,$2.19 / 100G
Thursday Plantation Tea Tree Antiseptic Liquid 300mL,Thurday,thursday plantation,8.0,8.0,$2.67 per 100mL,$2.67 / 100ML
Tiger Balm Red Extra Strength 18g,Tiger,tiger balm,8.3,8.3,$46.11 per 100G,$46.11 / 100G
Total Care Dog Shampoo Flea Control 350mL,Purina,total care,14.0,14.0,$40.00 per 1L,$4.00 / 100ML
Total Care Dog Shampoo Medicated Relief 350mL,Purina,total care,14.0,14.0,$40.00 per 1L,$4.00 / 100ML
Total Care Flea Powder For Dogs 200g,Purina,total care,9.0,9.0,$4.50 per 100G,$4.50 / 100G
Total Care Pet Bedding Fresh Spray 275mL,Purina,total care,12.0,12.0,$4.36 per 100mL,$4.36 / 100ML
Tru Blu Garlic Butter 150g,Tru-Blue,tru blu,3.0,3.0,$2.00 per 100G,$2.00 / 100G
Uncle Tobys Oat Slice Apple & Cinnamon 4 pack,Uncle Toby's,uncle tobys,5.5,2.75,$3.93 per 100G,$1.96 / 100G
V Energy Blue Sugar Free 250mL,V,v energy,2.8,2.8,$1.12 per 100mL,$11.20 / 1L
V Energy Drink Blue Can 250mL,V,v energy,2.8,2.8,$11.20 per 1L,$11.20 / 1L
V Energy Sugar Free Blue 500mL,V,v energy,3.15,3.15,$6.30 per 1L,$6.30 / 1L
V.i.p Adult Dog Food Roll Gourmet Chicken 3kg,V.I.P.,v.i.p,7.0,7.0,$0.23 per 100G,$0.23 / 100G
V8 Hot & Spicy Vegetable Juice 1.25L,Campbell's,v8,4.6,3.5,$3.68 per 1L,$2.80 / 1L
V8 Low Sodium Vegetable Juice 1.25L,Campbell's,v8,4.6,3.5,$3.68 per 1L,$2.80 / 1L
Vege Chips Deli Crisps Lentil Lightly Salted 100g,Vege,vege chips,2.75,5.5,$2.75 per 100G,$5.50 / 100G
Vege Chips Deli Crisps Original 100g,Vege,vege chips,2.75,5.5,$2.75 per 100G,$5.50 / 100G
Vege Chips Deli Crisps Purple Sweet Potato 100g,Vege,vege chips,2.75,5.5,$2.75 per 100G,$5.50 / 100G
Vege Chips Deli Crisps Turmeric & Cheese 100g,Vege,vege chips,2.75,5.5,$2.75 per 100G,$5.50 / 100G
Vege Chips Rice Crackers Sour Cream & Chives 75g,Ajitas,vege chips,3.8,1.9,$5.07 per 100G,$2.53 / 100G
Vege Chips Yellow Sweet Potato Deli Crisps 100g,Vege Deli Crisps,vege chips,2.75,5.5,$2.75 per 100G,$5.50 / 100G
Violet Crumble Bar 50g,Violet Crumble,,2.0,1.0,$4.00 per 100G,$2.00 / 100G
Vittoria Espressotoria Oro Coffee Capsules 12 pack,Espressotoria,vittoria,8.4,5.88,$0.70 per 1Ea,$0.49 / 1EA
Wai Wai Noodles Instant Tom Yum Shrimp 60g,Wai Wai Tom Yum Shrimp,wai wai,0.65,0.65,$1.08 per 100G,$1.08 / 100G
Wai Wai Rice Vermicelli Large 500g,Wai Wai Rice,wai wai,2.75,2.6,$0.55 per 100G,$0.52 / 100G
Wattie's Baked Beans In Tomato Sauce 420g,Watties,wattie's,1.2,1.55,$0.29 per 100G,$0.37 / 100G
Weet-bix Little Kids Essentials Breakfast Cereal 400g,Sanitarium,weet-bix,4.0,4.0,$1.00 per 100G,$1.00 / 100G
Westmont Pickles Chilli 500g,Westmont,westmont pickles,6.5,6.5,$13.00 per 1Kg,$1.30 / 100G
Westmont Pickles Dill Sour 500g,Westmont,westmont pickles,6.5,6.5,$13.00 per 1Kg,$1.30 / 100G
Whittaker's Peanut Slab Milk Chocolate 50g bar,Whittakers,whittaker's,1.0,2.0,$2.00 per 100G,$4.00 / 100G
Who Magazine each,Magazine,who,5.5,5.5,$5.50 per 1Ea,
Wizz Fizz Sherbet Cones 5 pack,Fyna,wizz fizz,2.0,2.0,$3.08 per 100G,$2.86 / 100G
Wizz Fizz Sherbet Original 8 pack,Fyna,wizz fizz,2.0,2.0,$0.25 per 1Ea,$2.00 / 100G
Woman's Day Magazine each,Magazine,woman's day,5.2,5.2,$5.20 per 1Ea,
Yehda Gefilte Fish Original 679g,Yehuda,yehda,12.5,14.0,$18.38 per 1Kg,$2.06 / 100G
Yeo's Drink Lychee 300mL,Yeo's Lychee,yeo's,0.8,0.8,$2.67 per 1L,$0.27 / 100ML
Yeo's Satay Sauce Satay Bbq 250mL,Yeo's Satay,yeo's,3.3,4.0,$1.32 per 100mL,$1.60 / 100ML
